digit_id,label,path,source,source_note
sklearn_00000,0,data/raw_digits/0/sklearn_00000_0.png,sklearn.load_digits,Real handwritten digit dataset bundled with scikit-learn
sklearn_00001,1,data/raw_digits/1/sklearn_00001_1.png,sklearn.load_digits,Real handwritten digit dataset bundled with scikit-learn
sklearn_00002,2,data/raw_digits/2/sklearn_00002_2.png,sklearn.load_digits,Real handwritten digit dataset bundled with scikit-learn
sklearn_00003,3,data/raw_digits/3/sklearn_00003_3.png,sklearn.load_digits,Real handwritten digit dataset bundled with scikit-learn
sklearn_00004,4,data/raw_digits/4/sklearn_00004_4.png,sklearn.load_digits,Real handwritten digit dataset bundled with scikit-learn
sklearn_00005,5,data/raw_digits/5/sklearn_00005_5.png,sklearn.load_digits,Real handwritten digit dataset bundled with scikit-learn
sklearn_00006,6,data/raw_digits/6/sklearn_00006_6.png,sklearn.load_digits,Real handwritten digit dataset bundled with scikit-learn
sklearn_00007,7,data/raw_digits/7/sklearn_00007_7.png,sklearn.load_digits,Real handwritten digit dataset bundled with scikit-learn
sklearn_00008,8,data/raw_digits/8/sklearn_00008_8.png,sklearn.load_digits,Real handwritten digit dataset bundled with scikit-learn
sklearn_00009,9,data/raw_digits/9/sklearn_00009_9.png,sklearn.load_digits,Real handwritten digit dataset bundled with scikit-learn
sklearn_00010,0,data/raw_digits/0/sklearn_00010_0.png,sklearn.load_digits,Real handwritten digit dataset bundled with scikit-learn
sklearn_00011,1,data/raw_digits/1/sklearn_00011_1.png,sklearn.load_digits,Real handwritten digit dataset bundled with scikit-learn
sklearn_00012,2,data/raw_digits/2/sklearn_00012_2.png,sklearn.load_digits,Real handwritten digit dataset bundled with scikit-learn
sklearn_00013,3,data/raw_digits/3/sklearn_00013_3.png,sklearn.load_digits,Real handwritten digit dataset bundled with scikit-learn
sklearn_00014,4,data/raw_digits/4/sklearn_00014_4.png,sklearn.load_digits,Real handwritten digit dataset bundled with scikit-learn
sklearn_00015,5,data/raw_digits/5/sklearn_00015_5.png,sklearn.load_digits,Real handwritten digit dataset bundled with scikit-learn
sklearn_00016,6,data/raw_digits/6/sklearn_00016_6.png,sklearn.load_digits,Real handwritten digit dataset bundled with scikit-learn
sklearn_00017,7,data/raw_digits/7/sklearn_00017_7.png,sklearn.load_digits,Real handwritten digit dataset bundled with scikit-learn
sklearn_00018,8,data/raw_digits/8/sklearn_00018_8.png,sklearn.load_digits,Real handwritten digit dataset bundled with scikit-learn
sklearn_00019,9,data/raw_digits/9/sklearn_00019_9.png,sklearn.load_digits,Real handwritten digit dataset bundled with scikit-learn
sklearn_00020,0,data/raw_digits/0/sklearn_00020_0.png,sklearn.load_digits,Real handwritten digit dataset bundled with scikit-learn
sklearn_00021,1,data/raw_digits/1/sklearn_00021_1.png,sklearn.load_digits,Real handwritten digit dataset bundled with scikit-learn
sklearn_00022,2,data/raw_digits/2/sklearn_00022_2.png,sklearn.load_digits,Real handwritten digit dataset bundled with scikit-learn
sklearn_00023,3,data/raw_digits/3/sklearn_00023_3.png,sklearn.load_digits,Real handwritten digit dataset bundled with scikit-learn
sklearn_00024,4,data/raw_digits/4/sklearn_00024_4.png,sklearn.load_digits,Real handwritten digit dataset bundled with scikit-learn
sklearn_00025,5,data/raw_digits/5/sklearn_00025_5.png,sklearn.load_digits,Real handwritten digit dataset bundled with scikit-learn
sklearn_00026,6,data/raw_digits/6/sklearn_00026_6.png,sklearn.load_digits,Real handwritten digit dataset bundled with scikit-learn
sklearn_00027,7,data/raw_digits/7/sklearn_00027_7.png,sklearn.load_digits,Real handwritten digit dataset bundled with scikit-learn
sklearn_00028,8,data/raw_digits/8/sklearn_00028_8.png,sklearn.load_digits,Real handwritten digit dataset bundled with scikit-learn
sklearn_00029,9,data/raw_digits/9/sklearn_00029_9.png,sklearn.load_digits,Real handwritten digit dataset bundled with scikit-learn
sklearn_00030,0,data/raw_digits/0/sklearn_00030_0.png,sklearn.load_digits,Real handwritten digit dataset bundled with scikit-learn
sklearn_00031,9,data/raw_digits/9/sklearn_00031_9.png,sklearn.load_digits,Real handwritten digit dataset bundled with scikit-learn
sklearn_00032,5,data/raw_digits/5/sklearn_00032_5.png,sklearn.load_digits,Real handwritten digit dataset bundled with scikit-learn
sklearn_00033,5,data/raw_digits/5/sklearn_00033_5.png,sklearn.load_digits,Real handwritten digit dataset bundled with scikit-learn
sklearn_00034,6,data/raw_digits/6/sklearn_00034_6.png,sklearn.load_digits,Real handwritten digit dataset bundled with scikit-learn
sklearn_00035,5,data/raw_digits/5/sklearn_00035_5.png,sklearn.load_digits,Real handwritten digit dataset bundled with scikit-learn
sklearn_00036,0,data/raw_digits/0/sklearn_00036_0.png,sklearn.load_digits,Real handwritten digit dataset bundled with scikit-learn
sklearn_00037,9,data/raw_digits/9/sklearn_00037_9.png,sklearn.load_digits,Real handwritten digit dataset bundled with scikit-learn
sklearn_00038,8,data/raw_digits/8/sklearn_00038_8.png,sklearn.load_digits,Real handwritten digit dataset bundled with scikit-learn
sklearn_00039,9,data/raw_digits/9/sklearn_00039_9.png,sklearn.load_digits,Real handwritten digit dataset bundled with scikit-learn
sklearn_00040,8,data/raw_digits/8/sklearn_00040_8.png,sklearn.load_digits,Real handwritten digit dataset bundled with scikit-learn
sklearn_00041,4,data/raw_digits/4/sklearn_00041_4.png,sklearn.load_digits,Real handwritten digit dataset bundled with scikit-learn
sklearn_00042,1,data/raw_digits/1/sklearn_00042_1.png,sklearn.load_digits,Real handwritten digit dataset bundled with scikit-learn
sklearn_00043,7,data/raw_digits/7/sklearn_00043_7.png,sklearn.load_digits,Real handwritten digit dataset bundled with scikit-learn
sklearn_00044,7,data/raw_digits/7/sklearn_00044_7.png,sklearn.load_digits,Real handwritten digit dataset bundled with scikit-learn
sklearn_00045,3,data/raw_digits/3/sklearn_00045_3.png,sklearn.load_digits,Real handwritten digit dataset bundled with scikit-learn
sklearn_00046,5,data/raw_digits/5/sklearn_00046_5.png,sklearn.load_digits,Real handwritten digit dataset bundled with scikit-learn
sklearn_00047,1,data/raw_digits/1/sklearn_00047_1.png,sklearn.load_digits,Real handwritten digit dataset bundled with scikit-learn
sklearn_00048,0,data/raw_digits/0/sklearn_00048_0.png,sklearn.load_digits,Real handwritten digit dataset bundled with scikit-learn
sklearn_00049,0,data/raw_digits/0/sklearn_00049_0.png,sklearn.load_digits,Real handwritten digit dataset bundled with scikit-learn
sklearn_00050,2,data/raw_digits/2/sklearn_00050_2.png,sklearn.load_digits,Real handwritten digit dataset bundled with scikit-learn
sklearn_00051,2,data/raw_digits/2/sklearn_00051_2.png,sklearn.load_digits,Real handwritten digit dataset bundled with scikit-learn
sklearn_00052,7,data/raw_digits/7/sklearn_00052_7.png,sklearn.load_digits,Real handwritten digit dataset bundled with scikit-learn
sklearn_00053,8,data/raw_digits/8/sklearn_00053_8.png,sklearn.load_digits,Real handwritten digit dataset bundled with scikit-learn
sklearn_00054,2,data/raw_digits/2/sklearn_00054_2.png,sklearn.load_digits,Real handwritten digit dataset bundled with scikit-learn
sklearn_00055,0,data/raw_digits/0/sklearn_00055_0.png,sklearn.load_digits,Real handwritten digit dataset bundled with scikit-learn
sklearn_00056,1,data/raw_digits/1/sklearn_00056_1.png,sklearn.load_digits,Real handwritten digit dataset bundled with scikit-learn
sklearn_00057,2,data/raw_digits/2/sklearn_00057_2.png,sklearn.load_digits,Real handwritten digit dataset bundled with scikit-learn
sklearn_00058,6,data/raw_digits/6/sklearn_00058_6.png,sklearn.load_digits,Real handwritten digit dataset bundled with scikit-learn
sklearn_00059,3,data/raw_digits/3/sklearn_00059_3.png,sklearn.load_digits,Real handwritten digit dataset bundled with scikit-learn
sklearn_00060,3,data/raw_digits/3/sklearn_00060_3.png,sklearn.load_digits,Real handwritten digit dataset bundled with scikit-learn
sklearn_00061,7,data/raw_digits/7/sklearn_00061_7.png,sklearn.load_digits,Real handwritten digit dataset bundled with scikit-learn
sklearn_00062,3,data/raw_digits/3/sklearn_00062_3.png,sklearn.load_digits,Real handwritten digit dataset bundled with scikit-learn
sklearn_00063,3,data/raw_digits/3/sklearn_00063_3.png,sklearn.load_digits,Real handwritten digit dataset bundled with scikit-learn
sklearn_00064,4,data/raw_digits/4/sklearn_00064_4.png,sklearn.load_digits,Real handwritten digit dataset bundled with scikit-learn
sklearn_00065,6,data/raw_digits/6/sklearn_00065_6.png,sklearn.load_digits,Real handwritten digit dataset bundled with scikit-learn
sklearn_00066,6,data/raw_digits/6/sklearn_00066_6.png,sklearn.load_digits,Real handwritten digit dataset bundled with scikit-learn
sklearn_00067,6,data/raw_digits/6/sklearn_00067_6.png,sklearn.load_digits,Real handwritten digit dataset bundled with scikit-learn
sklearn_00068,4,data/raw_digits/4/sklearn_00068_4.png,sklearn.load_digits,Real handwritten digit dataset bundled with scikit-learn
sklearn_00069,9,data/raw_digits/9/sklearn_00069_9.png,sklearn.load_digits,Real handwritten digit dataset bundled with scikit-learn
sklearn_00070,1,data/raw_digits/1/sklearn_00070_1.png,sklearn.load_digits,Real handwritten digit dataset bundled with scikit-learn
sklearn_00071,5,data/raw_digits/5/sklearn_00071_5.png,sklearn.load_digits,Real handwritten digit dataset bundled with scikit-learn
sklearn_00072,0,data/raw_digits/0/sklearn_00072_0.png,sklearn.load_digits,Real handwritten digit dataset bundled with scikit-learn
sklearn_00073,9,data/raw_digits/9/sklearn_00073_9.png,sklearn.load_digits,Real handwritten digit dataset bundled with scikit-learn
sklearn_00074,5,data/raw_digits/5/sklearn_00074_5.png,sklearn.load_digits,Real handwritten digit dataset bundled with scikit-learn
sklearn_00075,2,data/raw_digits/2/sklearn_00075_2.png,sklearn.load_digits,Real handwritten digit dataset bundled with scikit-learn
sklearn_00076,8,data/raw_digits/8/sklearn_00076_8.png,sklearn.load_digits,Real handwritten digit dataset bundled with scikit-learn
sklearn_00077,2,data/raw_digits/2/sklearn_00077_2.png,sklearn.load_digits,Real handwritten digit dataset bundled with scikit-learn
sklearn_00078,0,data/raw_digits/0/sklearn_00078_0.png,sklearn.load_digits,Real handwritten digit dataset bundled with scikit-learn
sklearn_00079,0,data/raw_digits/0/sklearn_00079_0.png,sklearn.load_digits,Real handwritten digit dataset bundled with scikit-learn
sklearn_00080,1,data/raw_digits/1/sklearn_00080_1.png,sklearn.load_digits,Real handwritten digit dataset bundled with scikit-learn
sklearn_00081,7,data/raw_digits/7/sklearn_00081_7.png,sklearn.load_digits,Real handwritten digit dataset bundled with scikit-learn
sklearn_00082,6,data/raw_digits/6/sklearn_00082_6.png,sklearn.load_digits,Real handwritten digit dataset bundled with scikit-learn
sklearn_00083,3,data/raw_digits/3/sklearn_00083_3.png,sklearn.load_digits,Real handwritten digit dataset bundled with scikit-learn
sklearn_00084,2,data/raw_digits/2/sklearn_00084_2.png,sklearn.load_digits,Real handwritten digit dataset bundled with scikit-learn
sklearn_00085,1,data/raw_digits/1/sklearn_00085_1.png,sklearn.load_digits,Real handwritten digit dataset bundled with scikit-learn
sklearn_00086,7,data/raw_digits/7/sklearn_00086_7.png,sklearn.load_digits,Real handwritten digit dataset bundled with scikit-learn
sklearn_00087,4,data/raw_digits/4/sklearn_00087_4.png,sklearn.load_digits,Real handwritten digit dataset bundled with scikit-learn
sklearn_00088,6,data/raw_digits/6/sklearn_00088_6.png,sklearn.load_digits,Real handwritten digit dataset bundled with scikit-learn
sklearn_00089,3,data/raw_digits/3/sklearn_00089_3.png,sklearn.load_digits,Real handwritten digit dataset bundled with scikit-learn
sklearn_00090,1,data/raw_digits/1/sklearn_00090_1.png,sklearn.load_digits,Real handwritten digit dataset bundled with scikit-learn
sklearn_00091,3,data/raw_digits/3/sklearn_00091_3.png,sklearn.load_digits,Real handwritten digit dataset bundled with scikit-learn
sklearn_00092,9,data/raw_digits/9/sklearn_00092_9.png,sklearn.load_digits,Real handwritten digit dataset bundled with scikit-learn
sklearn_00093,1,data/raw_digits/1/sklearn_00093_1.png,sklearn.load_digits,Real handwritten digit dataset bundled with scikit-learn
sklearn_00094,7,data/raw_digits/7/sklearn_00094_7.png,sklearn.load_digits,Real handwritten digit dataset bundled with scikit-learn
sklearn_00095,6,data/raw_digits/6/sklearn_00095_6.png,sklearn.load_digits,Real handwritten digit dataset bundled with scikit-learn
sklearn_00096,8,data/raw_digits/8/sklearn_00096_8.png,sklearn.load_digits,Real handwritten digit dataset bundled with scikit-learn
sklearn_00097,4,data/raw_digits/4/sklearn_00097_4.png,sklearn.load_digits,Real handwritten digit dataset bundled with scikit-learn
sklearn_00098,3,data/raw_digits/3/sklearn_00098_3.png,sklearn.load_digits,Real handwritten digit dataset bundled with scikit-learn
sklearn_00099,1,data/raw_digits/1/sklearn_00099_1.png,sklearn.load_digits,Real handwritten digit dataset bundled with scikit-learn
sklearn_00100,4,data/raw_digits/4/sklearn_00100_4.png,sklearn.load_digits,Real handwritten digit dataset bundled with scikit-learn
sklearn_00101,0,data/raw_digits/0/sklearn_00101_0.png,sklearn.load_digits,Real handwritten digit dataset bundled with scikit-learn
sklearn_00102,5,data/raw_digits/5/sklearn_00102_5.png,sklearn.load_digits,Real handwritten digit dataset bundled with scikit-learn
sklearn_00103,3,data/raw_digits/3/sklearn_00103_3.png,sklearn.load_digits,Real handwritten digit dataset bundled with scikit-learn
sklearn_00104,6,data/raw_digits/6/sklearn_00104_6.png,sklearn.load_digits,Real handwritten digit dataset bundled with scikit-learn
sklearn_00105,9,data/raw_digits/9/sklearn_00105_9.png,sklearn.load_digits,Real handwritten digit dataset bundled with scikit-learn
sklearn_00106,6,data/raw_digits/6/sklearn_00106_6.png,sklearn.load_digits,Real handwritten digit dataset bundled with scikit-learn
sklearn_00107,1,data/raw_digits/1/sklearn_00107_1.png,sklearn.load_digits,Real handwritten digit dataset bundled with scikit-learn
sklearn_00108,7,data/raw_digits/7/sklearn_00108_7.png,sklearn.load_digits,Real handwritten digit dataset bundled with scikit-learn
sklearn_00109,5,data/raw_digits/5/sklearn_00109_5.png,sklearn.load_digits,Real handwritten digit dataset bundled with scikit-learn
sklearn_00110,4,data/raw_digits/4/sklearn_00110_4.png,sklearn.load_digits,Real handwritten digit dataset bundled with scikit-learn
sklearn_00111,4,data/raw_digits/4/sklearn_00111_4.png,sklearn.load_digits,Real handwritten digit dataset bundled with scikit-learn
sklearn_00112,7,data/raw_digits/7/sklearn_00112_7.png,sklearn.load_digits,Real handwritten digit dataset bundled with scikit-learn
sklearn_00113,2,data/raw_digits/2/sklearn_00113_2.png,sklearn.load_digits,Real handwritten digit dataset bundled with scikit-learn
sklearn_00114,8,data/raw_digits/8/sklearn_00114_8.png,sklearn.load_digits,Real handwritten digit dataset bundled with scikit-learn
sklearn_00115,2,data/raw_digits/2/sklearn_00115_2.png,sklearn.load_digits,Real handwritten digit dataset bundled with scikit-learn
sklearn_00116,2,data/raw_digits/2/sklearn_00116_2.png,sklearn.load_digits,Real handwritten digit dataset bundled with scikit-learn
sklearn_00117,5,data/raw_digits/5/sklearn_00117_5.png,sklearn.load_digits,Real handwritten digit dataset bundled with scikit-learn
sklearn_00118,7,data/raw_digits/7/sklearn_00118_7.png,sklearn.load_digits,Real handwritten digit dataset bundled with scikit-learn
sklearn_00119,9,data/raw_digits/9/sklearn_00119_9.png,sklearn.load_digits,Real handwritten digit dataset bundled with scikit-learn
sklearn_00120,5,data/raw_digits/5/sklearn_00120_5.png,sklearn.load_digits,Real handwritten digit dataset bundled with scikit-learn
sklearn_00121,4,data/raw_digits/4/sklearn_00121_4.png,sklearn.load_digits,Real handwritten digit dataset bundled with scikit-learn
sklearn_00122,8,data/raw_digits/8/sklearn_00122_8.png,sklearn.load_digits,Real handwritten digit dataset bundled with scikit-learn
sklearn_00123,8,data/raw_digits/8/sklearn_00123_8.png,sklearn.load_digits,Real handwritten digit dataset bundled with scikit-learn
sklearn_00124,4,data/raw_digits/4/sklearn_00124_4.png,sklearn.load_digits,Real handwritten digit dataset bundled with scikit-learn
sklearn_00125,9,data/raw_digits/9/sklearn_00125_9.png,sklearn.load_digits,Real handwritten digit dataset bundled with scikit-learn
sklearn_00126,0,data/raw_digits/0/sklearn_00126_0.png,sklearn.load_digits,Real handwritten digit dataset bundled with scikit-learn
sklearn_00127,8,data/raw_digits/8/sklearn_00127_8.png,sklearn.load_digits,Real handwritten digit dataset bundled with scikit-learn
sklearn_00128,9,data/raw_digits/9/sklearn_00128_9.png,sklearn.load_digits,Real handwritten digit dataset bundled with scikit-learn
sklearn_00129,8,data/raw_digits/8/sklearn_00129_8.png,sklearn.load_digits,Real handwritten digit dataset bundled with scikit-learn
sklearn_00130,0,data/raw_digits/0/sklearn_00130_0.png,sklearn.load_digits,Real handwritten digit dataset bundled with scikit-learn
sklearn_00131,1,data/raw_digits/1/sklearn_00131_1.png,sklearn.load_digits,Real handwritten digit dataset bundled with scikit-learn
sklearn_00132,2,data/raw_digits/2/sklearn_00132_2.png,sklearn.load_digits,Real handwritten digit dataset bundled with scikit-learn
sklearn_00133,3,data/raw_digits/3/sklearn_00133_3.png,sklearn.load_digits,Real handwritten digit dataset bundled with scikit-learn
sklearn_00134,4,data/raw_digits/4/sklearn_00134_4.png,sklearn.load_digits,Real handwritten digit dataset bundled with scikit-learn
sklearn_00135,5,data/raw_digits/5/sklearn_00135_5.png,sklearn.load_digits,Real handwritten digit dataset bundled with scikit-learn
sklearn_00136,6,data/raw_digits/6/sklearn_00136_6.png,sklearn.load_digits,Real handwritten digit dataset bundled with scikit-learn
sklearn_00137,7,data/raw_digits/7/sklearn_00137_7.png,sklearn.load_digits,Real handwritten digit dataset bundled with scikit-learn
sklearn_00138,8,data/raw_digits/8/sklearn_00138_8.png,sklearn.load_digits,Real handwritten digit dataset bundled with scikit-learn
sklearn_00139,9,data/raw_digits/9/sklearn_00139_9.png,sklearn.load_digits,Real handwritten digit dataset bundled with scikit-learn
sklearn_00140,0,data/raw_digits/0/sklearn_00140_0.png,sklearn.load_digits,Real handwritten digit dataset bundled with scikit-learn
sklearn_00141,1,data/raw_digits/1/sklearn_00141_1.png,sklearn.load_digits,Real handwritten digit dataset bundled with scikit-learn
sklearn_00142,2,data/raw_digits/2/sklearn_00142_2.png,sklearn.load_digits,Real handwritten digit dataset bundled with scikit-learn
sklearn_00143,3,data/raw_digits/3/sklearn_00143_3.png,sklearn.load_digits,Real handwritten digit dataset bundled with scikit-learn
sklearn_00144,4,data/raw_digits/4/sklearn_00144_4.png,sklearn.load_digits,Real handwritten digit dataset bundled with scikit-learn
sklearn_00145,5,data/raw_digits/5/sklearn_00145_5.png,sklearn.load_digits,Real handwritten digit dataset bundled with scikit-learn
sklearn_00146,6,data/raw_digits/6/sklearn_00146_6.png,sklearn.load_digits,Real handwritten digit dataset bundled with scikit-learn
sklearn_00147,7,data/raw_digits/7/sklearn_00147_7.png,sklearn.load_digits,Real handwritten digit dataset bundled with scikit-learn
sklearn_00148,8,data/raw_digits/8/sklearn_00148_8.png,sklearn.load_digits,Real handwritten digit dataset bundled with scikit-learn
sklearn_00149,9,data/raw_digits/9/sklearn_00149_9.png,sklearn.load_digits,Real handwritten digit dataset bundled with scikit-learn
sklearn_00150,0,data/raw_digits/0/sklearn_00150_0.png,sklearn.load_digits,Real handwritten digit dataset bundled with scikit-learn
sklearn_00151,1,data/raw_digits/1/sklearn_00151_1.png,sklearn.load_digits,Real handwritten digit dataset bundled with scikit-learn
sklearn_00152,2,data/raw_digits/2/sklearn_00152_2.png,sklearn.load_digits,Real handwritten digit dataset bundled with scikit-learn
sklearn_00153,3,data/raw_digits/3/sklearn_00153_3.png,sklearn.load_digits,Real handwritten digit dataset bundled with scikit-learn
sklearn_00154,4,data/raw_digits/4/sklearn_00154_4.png,sklearn.load_digits,Real handwritten digit dataset bundled with scikit-learn
sklearn_00155,5,data/raw_digits/5/sklearn_00155_5.png,sklearn.load_digits,Real handwritten digit dataset bundled with scikit-learn
sklearn_00156,6,data/raw_digits/6/sklearn_00156_6.png,sklearn.load_digits,Real handwritten digit dataset bundled with scikit-learn
sklearn_00157,7,data/raw_digits/7/sklearn_00157_7.png,sklearn.load_digits,Real handwritten digit dataset bundled with scikit-learn
sklearn_00158,8,data/raw_digits/8/sklearn_00158_8.png,sklearn.load_digits,Real handwritten digit dataset bundled with scikit-learn
sklearn_00159,9,data/raw_digits/9/sklearn_00159_9.png,sklearn.load_digits,Real handwritten digit dataset bundled with scikit-learn
sklearn_00160,0,data/raw_digits/0/sklearn_00160_0.png,sklearn.load_digits,Real handwritten digit dataset bundled with scikit-learn
sklearn_00161,9,data/raw_digits/9/sklearn_00161_9.png,sklearn.load_digits,Real handwritten digit dataset bundled with scikit-learn
sklearn_00162,5,data/raw_digits/5/sklearn_00162_5.png,sklearn.load_digits,Real handwritten digit dataset bundled with scikit-learn
sklearn_00163,5,data/raw_digits/5/sklearn_00163_5.png,sklearn.load_digits,Real handwritten digit dataset bundled with scikit-learn
sklearn_00164,6,data/raw_digits/6/sklearn_00164_6.png,sklearn.load_digits,Real handwritten digit dataset bundled with scikit-learn
sklearn_00165,5,data/raw_digits/5/sklearn_00165_5.png,sklearn.load_digits,Real handwritten digit dataset bundled with scikit-learn
sklearn_00166,0,data/raw_digits/0/sklearn_00166_0.png,sklearn.load_digits,Real handwritten digit dataset bundled with scikit-learn
sklearn_00167,9,data/raw_digits/9/sklearn_00167_9.png,sklearn.load_digits,Real handwritten digit dataset bundled with scikit-learn
sklearn_00168,8,data/raw_digits/8/sklearn_00168_8.png,sklearn.load_digits,Real handwritten digit dataset bundled with scikit-learn
sklearn_00169,9,data/raw_digits/9/sklearn_00169_9.png,sklearn.load_digits,Real handwritten digit dataset bundled with scikit-learn
sklearn_00170,8,data/raw_digits/8/sklearn_00170_8.png,sklearn.load_digits,Real handwritten digit dataset bundled with scikit-learn
sklearn_00171,4,data/raw_digits/4/sklearn_00171_4.png,sklearn.load_digits,Real handwritten digit dataset bundled with scikit-learn
sklearn_00172,1,data/raw_digits/1/sklearn_00172_1.png,sklearn.load_digits,Real handwritten digit dataset bundled with scikit-learn
sklearn_00173,7,data/raw_digits/7/sklearn_00173_7.png,sklearn.load_digits,Real handwritten digit dataset bundled with scikit-learn
sklearn_00174,7,data/raw_digits/7/sklearn_00174_7.png,sklearn.load_digits,Real handwritten digit dataset bundled with scikit-learn
sklearn_00175,3,data/raw_digits/3/sklearn_00175_3.png,sklearn.load_digits,Real handwritten digit dataset bundled with scikit-learn
sklearn_00176,5,data/raw_digits/5/sklearn_00176_5.png,sklearn.load_digits,Real handwritten digit dataset bundled with scikit-learn
sklearn_00177,1,data/raw_digits/1/sklearn_00177_1.png,sklearn.load_digits,Real handwritten digit dataset bundled with scikit-learn
sklearn_00178,0,data/raw_digits/0/sklearn_00178_0.png,sklearn.load_digits,Real handwritten digit dataset bundled with scikit-learn
sklearn_00179,0,data/raw_digits/0/sklearn_00179_0.png,sklearn.load_digits,Real handwritten digit dataset bundled with scikit-learn
sklearn_00180,2,data/raw_digits/2/sklearn_00180_2.png,sklearn.load_digits,Real handwritten digit dataset bundled with scikit-learn
sklearn_00181,2,data/raw_digits/2/sklearn_00181_2.png,sklearn.load_digits,Real handwritten digit dataset bundled with scikit-learn
sklearn_00182,7,data/raw_digits/7/sklearn_00182_7.png,sklearn.load_digits,Real handwritten digit dataset bundled with scikit-learn
sklearn_00183,8,data/raw_digits/8/sklearn_00183_8.png,sklearn.load_digits,Real handwritten digit dataset bundled with scikit-learn
sklearn_00184,2,data/raw_digits/2/sklearn_00184_2.png,sklearn.load_digits,Real handwritten digit dataset bundled with scikit-learn
sklearn_00185,0,data/raw_digits/0/sklearn_00185_0.png,sklearn.load_digits,Real handwritten digit dataset bundled with scikit-learn
sklearn_00186,1,data/raw_digits/1/sklearn_00186_1.png,sklearn.load_digits,Real handwritten digit dataset bundled with scikit-learn
sklearn_00187,2,data/raw_digits/2/sklearn_00187_2.png,sklearn.load_digits,Real handwritten digit dataset bundled with scikit-learn
sklearn_00188,6,data/raw_digits/6/sklearn_00188_6.png,sklearn.load_digits,Real handwritten digit dataset bundled with scikit-learn
sklearn_00189,3,data/raw_digits/3/sklearn_00189_3.png,sklearn.load_digits,Real handwritten digit dataset bundled with scikit-learn
sklearn_00190,3,data/raw_digits/3/sklearn_00190_3.png,sklearn.load_digits,Real handwritten digit dataset bundled with scikit-learn
sklearn_00191,7,data/raw_digits/7/sklearn_00191_7.png,sklearn.load_digits,Real handwritten digit dataset bundled with scikit-learn
sklearn_00192,3,data/raw_digits/3/sklearn_00192_3.png,sklearn.load_digits,Real handwritten digit dataset bundled with scikit-learn
sklearn_00193,3,data/raw_digits/3/sklearn_00193_3.png,sklearn.load_digits,Real handwritten digit dataset bundled with scikit-learn
sklearn_00194,4,data/raw_digits/4/sklearn_00194_4.png,sklearn.load_digits,Real handwritten digit dataset bundled with scikit-learn
sklearn_00195,6,data/raw_digits/6/sklearn_00195_6.png,sklearn.load_digits,Real handwritten digit dataset bundled with scikit-learn
sklearn_00196,6,data/raw_digits/6/sklearn_00196_6.png,sklearn.load_digits,Real handwritten digit dataset bundled with scikit-learn
sklearn_00197,6,data/raw_digits/6/sklearn_00197_6.png,sklearn.load_digits,Real handwritten digit dataset bundled with scikit-learn
sklearn_00198,4,data/raw_digits/4/sklearn_00198_4.png,sklearn.load_digits,Real handwritten digit dataset bundled with scikit-learn
sklearn_00199,9,data/raw_digits/9/sklearn_00199_9.png,sklearn.load_digits,Real handwritten digit dataset bundled with scikit-learn
sklearn_00200,1,data/raw_digits/1/sklearn_00200_1.png,sklearn.load_digits,Real handwritten digit dataset bundled with scikit-learn
sklearn_00201,5,data/raw_digits/5/sklearn_00201_5.png,sklearn.load_digits,Real handwritten digit dataset bundled with scikit-learn
sklearn_00202,0,data/raw_digits/0/sklearn_00202_0.png,sklearn.load_digits,Real handwritten digit dataset bundled with scikit-learn
sklearn_00203,9,data/raw_digits/9/sklearn_00203_9.png,sklearn.load_digits,Real handwritten digit dataset bundled with scikit-learn
sklearn_00204,5,data/raw_digits/5/sklearn_00204_5.png,sklearn.load_digits,Real handwritten digit dataset bundled with scikit-learn
sklearn_00205,2,data/raw_digits/2/sklearn_00205_2.png,sklearn.load_digits,Real handwritten digit dataset bundled with scikit-learn
sklearn_00206,8,data/raw_digits/8/sklearn_00206_8.png,sklearn.load_digits,Real handwritten digit dataset bundled with scikit-learn
sklearn_00207,2,data/raw_digits/2/sklearn_00207_2.png,sklearn.load_digits,Real handwritten digit dataset bundled with scikit-learn
sklearn_00208,0,data/raw_digits/0/sklearn_00208_0.png,sklearn.load_digits,Real handwritten digit dataset bundled with scikit-learn
sklearn_00209,0,data/raw_digits/0/sklearn_00209_0.png,sklearn.load_digits,Real handwritten digit dataset bundled with scikit-learn
sklearn_00210,1,data/raw_digits/1/sklearn_00210_1.png,sklearn.load_digits,Real handwritten digit dataset bundled with scikit-learn
sklearn_00211,7,data/raw_digits/7/sklearn_00211_7.png,sklearn.load_digits,Real handwritten digit dataset bundled with scikit-learn
sklearn_00212,6,data/raw_digits/6/sklearn_00212_6.png,sklearn.load_digits,Real handwritten digit dataset bundled with scikit-learn
sklearn_00213,3,data/raw_digits/3/sklearn_00213_3.png,sklearn.load_digits,Real handwritten digit dataset bundled with scikit-learn
sklearn_00214,2,data/raw_digits/2/sklearn_00214_2.png,sklearn.load_digits,Real handwritten digit dataset bundled with scikit-learn
sklearn_00215,1,data/raw_digits/1/sklearn_00215_1.png,sklearn.load_digits,Real handwritten digit dataset bundled with scikit-learn
sklearn_00216,7,data/raw_digits/7/sklearn_00216_7.png,sklearn.load_digits,Real handwritten digit dataset bundled with scikit-learn
sklearn_00217,3,data/raw_digits/3/sklearn_00217_3.png,sklearn.load_digits,Real handwritten digit dataset bundled with scikit-learn
sklearn_00218,1,data/raw_digits/1/sklearn_00218_1.png,sklearn.load_digits,Real handwritten digit dataset bundled with scikit-learn
sklearn_00219,3,data/raw_digits/3/sklearn_00219_3.png,sklearn.load_digits,Real handwritten digit dataset bundled with scikit-learn
sklearn_00220,9,data/raw_digits/9/sklearn_00220_9.png,sklearn.load_digits,Real handwritten digit dataset bundled with scikit-learn
sklearn_00221,1,data/raw_digits/1/sklearn_00221_1.png,sklearn.load_digits,Real handwritten digit dataset bundled with scikit-learn
sklearn_00222,7,data/raw_digits/7/sklearn_00222_7.png,sklearn.load_digits,Real handwritten digit dataset bundled with scikit-learn
sklearn_00223,6,data/raw_digits/6/sklearn_00223_6.png,sklearn.load_digits,Real handwritten digit dataset bundled with scikit-learn
sklearn_00224,8,data/raw_digits/8/sklearn_00224_8.png,sklearn.load_digits,Real handwritten digit dataset bundled with scikit-learn
sklearn_00225,4,data/raw_digits/4/sklearn_00225_4.png,sklearn.load_digits,Real handwritten digit dataset bundled with scikit-learn
sklearn_00226,3,data/raw_digits/3/sklearn_00226_3.png,sklearn.load_digits,Real handwritten digit dataset bundled with scikit-learn
sklearn_00227,1,data/raw_digits/1/sklearn_00227_1.png,sklearn.load_digits,Real handwritten digit dataset bundled with scikit-learn
sklearn_00228,4,data/raw_digits/4/sklearn_00228_4.png,sklearn.load_digits,Real handwritten digit dataset bundled with scikit-learn
sklearn_00229,0,data/raw_digits/0/sklearn_00229_0.png,sklearn.load_digits,Real handwritten digit dataset bundled with scikit-learn
sklearn_00230,5,data/raw_digits/5/sklearn_00230_5.png,sklearn.load_digits,Real handwritten digit dataset bundled with scikit-learn
sklearn_00231,3,data/raw_digits/3/sklearn_00231_3.png,sklearn.load_digits,Real handwritten digit dataset bundled with scikit-learn
sklearn_00232,6,data/raw_digits/6/sklearn_00232_6.png,sklearn.load_digits,Real handwritten digit dataset bundled with scikit-learn
sklearn_00233,9,data/raw_digits/9/sklearn_00233_9.png,sklearn.load_digits,Real handwritten digit dataset bundled with scikit-learn
sklearn_00234,6,data/raw_digits/6/sklearn_00234_6.png,sklearn.load_digits,Real handwritten digit dataset bundled with scikit-learn
sklearn_00235,1,data/raw_digits/1/sklearn_00235_1.png,sklearn.load_digits,Real handwritten digit dataset bundled with scikit-learn
sklearn_00236,7,data/raw_digits/7/sklearn_00236_7.png,sklearn.load_digits,Real handwritten digit dataset bundled with scikit-learn
sklearn_00237,5,data/raw_digits/5/sklearn_00237_5.png,sklearn.load_digits,Real handwritten digit dataset bundled with scikit-learn
sklearn_00238,4,data/raw_digits/4/sklearn_00238_4.png,sklearn.load_digits,Real handwritten digit dataset bundled with scikit-learn
sklearn_00239,4,data/raw_digits/4/sklearn_00239_4.png,sklearn.load_digits,Real handwritten digit dataset bundled with scikit-learn
sklearn_00240,7,data/raw_digits/7/sklearn_00240_7.png,sklearn.load_digits,Real handwritten digit dataset bundled with scikit-learn
sklearn_00241,2,data/raw_digits/2/sklearn_00241_2.png,sklearn.load_digits,Real handwritten digit dataset bundled with scikit-learn
sklearn_00242,8,data/raw_digits/8/sklearn_00242_8.png,sklearn.load_digits,Real handwritten digit dataset bundled with scikit-learn
sklearn_00243,2,data/raw_digits/2/sklearn_00243_2.png,sklearn.load_digits,Real handwritten digit dataset bundled with scikit-learn
sklearn_00244,2,data/raw_digits/2/sklearn_00244_2.png,sklearn.load_digits,Real handwritten digit dataset bundled with scikit-learn
sklearn_00245,5,data/raw_digits/5/sklearn_00245_5.png,sklearn.load_digits,Real handwritten digit dataset bundled with scikit-learn
sklearn_00246,5,data/raw_digits/5/sklearn_00246_5.png,sklearn.load_digits,Real handwritten digit dataset bundled with scikit-learn
sklearn_00247,4,data/raw_digits/4/sklearn_00247_4.png,sklearn.load_digits,Real handwritten digit dataset bundled with scikit-learn
sklearn_00248,8,data/raw_digits/8/sklearn_00248_8.png,sklearn.load_digits,Real handwritten digit dataset bundled with scikit-learn
sklearn_00249,8,data/raw_digits/8/sklearn_00249_8.png,sklearn.load_digits,Real handwritten digit dataset bundled with scikit-learn
sklearn_00250,4,data/raw_digits/4/sklearn_00250_4.png,sklearn.load_digits,Real handwritten digit dataset bundled with scikit-learn
sklearn_00251,9,data/raw_digits/9/sklearn_00251_9.png,sklearn.load_digits,Real handwritten digit dataset bundled with scikit-learn
sklearn_00252,0,data/raw_digits/0/sklearn_00252_0.png,sklearn.load_digits,Real handwritten digit dataset bundled with scikit-learn
sklearn_00253,8,data/raw_digits/8/sklearn_00253_8.png,sklearn.load_digits,Real handwritten digit dataset bundled with scikit-learn
sklearn_00254,9,data/raw_digits/9/sklearn_00254_9.png,sklearn.load_digits,Real handwritten digit dataset bundled with scikit-learn
sklearn_00255,8,data/raw_digits/8/sklearn_00255_8.png,sklearn.load_digits,Real handwritten digit dataset bundled with scikit-learn
sklearn_00256,0,data/raw_digits/0/sklearn_00256_0.png,sklearn.load_digits,Real handwritten digit dataset bundled with scikit-learn
sklearn_00257,1,data/raw_digits/1/sklearn_00257_1.png,sklearn.load_digits,Real handwritten digit dataset bundled with scikit-learn
sklearn_00258,2,data/raw_digits/2/sklearn_00258_2.png,sklearn.load_digits,Real handwritten digit dataset bundled with scikit-learn
sklearn_00259,3,data/raw_digits/3/sklearn_00259_3.png,sklearn.load_digits,Real handwritten digit dataset bundled with scikit-learn
sklearn_00260,4,data/raw_digits/4/sklearn_00260_4.png,sklearn.load_digits,Real handwritten digit dataset bundled with scikit-learn
sklearn_00261,5,data/raw_digits/5/sklearn_00261_5.png,sklearn.load_digits,Real handwritten digit dataset bundled with scikit-learn
sklearn_00262,6,data/raw_digits/6/sklearn_00262_6.png,sklearn.load_digits,Real handwritten digit dataset bundled with scikit-learn
sklearn_00263,7,data/raw_digits/7/sklearn_00263_7.png,sklearn.load_digits,Real handwritten digit dataset bundled with scikit-learn
sklearn_00264,8,data/raw_digits/8/sklearn_00264_8.png,sklearn.load_digits,Real handwritten digit dataset bundled with scikit-learn
sklearn_00265,9,data/raw_digits/9/sklearn_00265_9.png,sklearn.load_digits,Real handwritten digit dataset bundled with scikit-learn
sklearn_00266,0,data/raw_digits/0/sklearn_00266_0.png,sklearn.load_digits,Real handwritten digit dataset bundled with scikit-learn
sklearn_00267,1,data/raw_digits/1/sklearn_00267_1.png,sklearn.load_digits,Real handwritten digit dataset bundled with scikit-learn
sklearn_00268,2,data/raw_digits/2/sklearn_00268_2.png,sklearn.load_digits,Real handwritten digit dataset bundled with scikit-learn
sklearn_00269,3,data/raw_digits/3/sklearn_00269_3.png,sklearn.load_digits,Real handwritten digit dataset bundled with scikit-learn
sklearn_00270,4,data/raw_digits/4/sklearn_00270_4.png,sklearn.load_digits,Real handwritten digit dataset bundled with scikit-learn
sklearn_00271,5,data/raw_digits/5/sklearn_00271_5.png,sklearn.load_digits,Real handwritten digit dataset bundled with scikit-learn
sklearn_00272,6,data/raw_digits/6/sklearn_00272_6.png,sklearn.load_digits,Real handwritten digit dataset bundled with scikit-learn
sklearn_00273,7,data/raw_digits/7/sklearn_00273_7.png,sklearn.load_digits,Real handwritten digit dataset bundled with scikit-learn
sklearn_00274,8,data/raw_digits/8/sklearn_00274_8.png,sklearn.load_digits,Real handwritten digit dataset bundled with scikit-learn
sklearn_00275,9,data/raw_digits/9/sklearn_00275_9.png,sklearn.load_digits,Real handwritten digit dataset bundled with scikit-learn
sklearn_00276,0,data/raw_digits/0/sklearn_00276_0.png,sklearn.load_digits,Real handwritten digit dataset bundled with scikit-learn
sklearn_00277,1,data/raw_digits/1/sklearn_00277_1.png,sklearn.load_digits,Real handwritten digit dataset bundled with scikit-learn
sklearn_00278,2,data/raw_digits/2/sklearn_00278_2.png,sklearn.load_digits,Real handwritten digit dataset bundled with scikit-learn
sklearn_00279,3,data/raw_digits/3/sklearn_00279_3.png,sklearn.load_digits,Real handwritten digit dataset bundled with scikit-learn
sklearn_00280,4,data/raw_digits/4/sklearn_00280_4.png,sklearn.load_digits,Real handwritten digit dataset bundled with scikit-learn
sklearn_00281,5,data/raw_digits/5/sklearn_00281_5.png,sklearn.load_digits,Real handwritten digit dataset bundled with scikit-learn
sklearn_00282,6,data/raw_digits/6/sklearn_00282_6.png,sklearn.load_digits,Real handwritten digit dataset bundled with scikit-learn
sklearn_00283,7,data/raw_digits/7/sklearn_00283_7.png,sklearn.load_digits,Real handwritten digit dataset bundled with scikit-learn
sklearn_00284,8,data/raw_digits/8/sklearn_00284_8.png,sklearn.load_digits,Real handwritten digit dataset bundled with scikit-learn
sklearn_00285,9,data/raw_digits/9/sklearn_00285_9.png,sklearn.load_digits,Real handwritten digit dataset bundled with scikit-learn
sklearn_00286,0,data/raw_digits/0/sklearn_00286_0.png,sklearn.load_digits,Real handwritten digit dataset bundled with scikit-learn
sklearn_00287,9,data/raw_digits/9/sklearn_00287_9.png,sklearn.load_digits,Real handwritten digit dataset bundled with scikit-learn
sklearn_00288,5,data/raw_digits/5/sklearn_00288_5.png,sklearn.load_digits,Real handwritten digit dataset bundled with scikit-learn
sklearn_00289,5,data/raw_digits/5/sklearn_00289_5.png,sklearn.load_digits,Real handwritten digit dataset bundled with scikit-learn
sklearn_00290,6,data/raw_digits/6/sklearn_00290_6.png,sklearn.load_digits,Real handwritten digit dataset bundled with scikit-learn
sklearn_00291,5,data/raw_digits/5/sklearn_00291_5.png,sklearn.load_digits,Real handwritten digit dataset bundled with scikit-learn
sklearn_00292,0,data/raw_digits/0/sklearn_00292_0.png,sklearn.load_digits,Real handwritten digit dataset bundled with scikit-learn
sklearn_00293,9,data/raw_digits/9/sklearn_00293_9.png,sklearn.load_digits,Real handwritten digit dataset bundled with scikit-learn
sklearn_00294,8,data/raw_digits/8/sklearn_00294_8.png,sklearn.load_digits,Real handwritten digit dataset bundled with scikit-learn
sklearn_00295,9,data/raw_digits/9/sklearn_00295_9.png,sklearn.load_digits,Real handwritten digit dataset bundled with scikit-learn
sklearn_00296,8,data/raw_digits/8/sklearn_00296_8.png,sklearn.load_digits,Real handwritten digit dataset bundled with scikit-learn
sklearn_00297,4,data/raw_digits/4/sklearn_00297_4.png,sklearn.load_digits,Real handwritten digit dataset bundled with scikit-learn
sklearn_00298,1,data/raw_digits/1/sklearn_00298_1.png,sklearn.load_digits,Real handwritten digit dataset bundled with scikit-learn
sklearn_00299,7,data/raw_digits/7/sklearn_00299_7.png,sklearn.load_digits,Real handwritten digit dataset bundled with scikit-learn
sklearn_00300,7,data/raw_digits/7/sklearn_00300_7.png,sklearn.load_digits,Real handwritten digit dataset bundled with scikit-learn
sklearn_00301,3,data/raw_digits/3/sklearn_00301_3.png,sklearn.load_digits,Real handwritten digit dataset bundled with scikit-learn
sklearn_00302,5,data/raw_digits/5/sklearn_00302_5.png,sklearn.load_digits,Real handwritten digit dataset bundled with scikit-learn
sklearn_00303,1,data/raw_digits/1/sklearn_00303_1.png,sklearn.load_digits,Real handwritten digit dataset bundled with scikit-learn
sklearn_00304,0,data/raw_digits/0/sklearn_00304_0.png,sklearn.load_digits,Real handwritten digit dataset bundled with scikit-learn
sklearn_00305,0,data/raw_digits/0/sklearn_00305_0.png,sklearn.load_digits,Real handwritten digit dataset bundled with scikit-learn
sklearn_00306,2,data/raw_digits/2/sklearn_00306_2.png,sklearn.load_digits,Real handwritten digit dataset bundled with scikit-learn
sklearn_00307,2,data/raw_digits/2/sklearn_00307_2.png,sklearn.load_digits,Real handwritten digit dataset bundled with scikit-learn
sklearn_00308,7,data/raw_digits/7/sklearn_00308_7.png,sklearn.load_digits,Real handwritten digit dataset bundled with scikit-learn
sklearn_00309,8,data/raw_digits/8/sklearn_00309_8.png,sklearn.load_digits,Real handwritten digit dataset bundled with scikit-learn
sklearn_00310,2,data/raw_digits/2/sklearn_00310_2.png,sklearn.load_digits,Real handwritten digit dataset bundled with scikit-learn
sklearn_00311,0,data/raw_digits/0/sklearn_00311_0.png,sklearn.load_digits,Real handwritten digit dataset bundled with scikit-learn
sklearn_00312,1,data/raw_digits/1/sklearn_00312_1.png,sklearn.load_digits,Real handwritten digit dataset bundled with scikit-learn
sklearn_00313,2,data/raw_digits/2/sklearn_00313_2.png,sklearn.load_digits,Real handwritten digit dataset bundled with scikit-learn
sklearn_00314,6,data/raw_digits/6/sklearn_00314_6.png,sklearn.load_digits,Real handwritten digit dataset bundled with scikit-learn
sklearn_00315,3,data/raw_digits/3/sklearn_00315_3.png,sklearn.load_digits,Real handwritten digit dataset bundled with scikit-learn
sklearn_00316,3,data/raw_digits/3/sklearn_00316_3.png,sklearn.load_digits,Real handwritten digit dataset bundled with scikit-learn
sklearn_00317,7,data/raw_digits/7/sklearn_00317_7.png,sklearn.load_digits,Real handwritten digit dataset bundled with scikit-learn
sklearn_00318,3,data/raw_digits/3/sklearn_00318_3.png,sklearn.load_digits,Real handwritten digit dataset bundled with scikit-learn
sklearn_00319,3,data/raw_digits/3/sklearn_00319_3.png,sklearn.load_digits,Real handwritten digit dataset bundled with scikit-learn
sklearn_00320,4,data/raw_digits/4/sklearn_00320_4.png,sklearn.load_digits,Real handwritten digit dataset bundled with scikit-learn
sklearn_00321,6,data/raw_digits/6/sklearn_00321_6.png,sklearn.load_digits,Real handwritten digit dataset bundled with scikit-learn
sklearn_00322,6,data/raw_digits/6/sklearn_00322_6.png,sklearn.load_digits,Real handwritten digit dataset bundled with scikit-learn
sklearn_00323,6,data/raw_digits/6/sklearn_00323_6.png,sklearn.load_digits,Real handwritten digit dataset bundled with scikit-learn
sklearn_00324,4,data/raw_digits/4/sklearn_00324_4.png,sklearn.load_digits,Real handwritten digit dataset bundled with scikit-learn
sklearn_00325,9,data/raw_digits/9/sklearn_00325_9.png,sklearn.load_digits,Real handwritten digit dataset bundled with scikit-learn
sklearn_00326,1,data/raw_digits/1/sklearn_00326_1.png,sklearn.load_digits,Real handwritten digit dataset bundled with scikit-learn
sklearn_00327,5,data/raw_digits/5/sklearn_00327_5.png,sklearn.load_digits,Real handwritten digit dataset bundled with scikit-learn
sklearn_00328,0,data/raw_digits/0/sklearn_00328_0.png,sklearn.load_digits,Real handwritten digit dataset bundled with scikit-learn
sklearn_00329,9,data/raw_digits/9/sklearn_00329_9.png,sklearn.load_digits,Real handwritten digit dataset bundled with scikit-learn
sklearn_00330,5,data/raw_digits/5/sklearn_00330_5.png,sklearn.load_digits,Real handwritten digit dataset bundled with scikit-learn
sklearn_00331,2,data/raw_digits/2/sklearn_00331_2.png,sklearn.load_digits,Real handwritten digit dataset bundled with scikit-learn
sklearn_00332,8,data/raw_digits/8/sklearn_00332_8.png,sklearn.load_digits,Real handwritten digit dataset bundled with scikit-learn
sklearn_00333,2,data/raw_digits/2/sklearn_00333_2.png,sklearn.load_digits,Real handwritten digit dataset bundled with scikit-learn
sklearn_00334,0,data/raw_digits/0/sklearn_00334_0.png,sklearn.load_digits,Real handwritten digit dataset bundled with scikit-learn
sklearn_00335,0,data/raw_digits/0/sklearn_00335_0.png,sklearn.load_digits,Real handwritten digit dataset bundled with scikit-learn
sklearn_00336,1,data/raw_digits/1/sklearn_00336_1.png,sklearn.load_digits,Real handwritten digit dataset bundled with scikit-learn
sklearn_00337,7,data/raw_digits/7/sklearn_00337_7.png,sklearn.load_digits,Real handwritten digit dataset bundled with scikit-learn
sklearn_00338,6,data/raw_digits/6/sklearn_00338_6.png,sklearn.load_digits,Real handwritten digit dataset bundled with scikit-learn
sklearn_00339,3,data/raw_digits/3/sklearn_00339_3.png,sklearn.load_digits,Real handwritten digit dataset bundled with scikit-learn
sklearn_00340,2,data/raw_digits/2/sklearn_00340_2.png,sklearn.load_digits,Real handwritten digit dataset bundled with scikit-learn
sklearn_00341,1,data/raw_digits/1/sklearn_00341_1.png,sklearn.load_digits,Real handwritten digit dataset bundled with scikit-learn
sklearn_00342,7,data/raw_digits/7/sklearn_00342_7.png,sklearn.load_digits,Real handwritten digit dataset bundled with scikit-learn
sklearn_00343,4,data/raw_digits/4/sklearn_00343_4.png,sklearn.load_digits,Real handwritten digit dataset bundled with scikit-learn
sklearn_00344,6,data/raw_digits/6/sklearn_00344_6.png,sklearn.load_digits,Real handwritten digit dataset bundled with scikit-learn
sklearn_00345,3,data/raw_digits/3/sklearn_00345_3.png,sklearn.load_digits,Real handwritten digit dataset bundled with scikit-learn
sklearn_00346,1,data/raw_digits/1/sklearn_00346_1.png,sklearn.load_digits,Real handwritten digit dataset bundled with scikit-learn
sklearn_00347,3,data/raw_digits/3/sklearn_00347_3.png,sklearn.load_digits,Real handwritten digit dataset bundled with scikit-learn
sklearn_00348,9,data/raw_digits/9/sklearn_00348_9.png,sklearn.load_digits,Real handwritten digit dataset bundled with scikit-learn
sklearn_00349,1,data/raw_digits/1/sklearn_00349_1.png,sklearn.load_digits,Real handwritten digit dataset bundled with scikit-learn
sklearn_00350,7,data/raw_digits/7/sklearn_00350_7.png,sklearn.load_digits,Real handwritten digit dataset bundled with scikit-learn
sklearn_00351,6,data/raw_digits/6/sklearn_00351_6.png,sklearn.load_digits,Real handwritten digit dataset bundled with scikit-learn
sklearn_00352,8,data/raw_digits/8/sklearn_00352_8.png,sklearn.load_digits,Real handwritten digit dataset bundled with scikit-learn
sklearn_00353,4,data/raw_digits/4/sklearn_00353_4.png,sklearn.load_digits,Real handwritten digit dataset bundled with scikit-learn
sklearn_00354,3,data/raw_digits/3/sklearn_00354_3.png,sklearn.load_digits,Real handwritten digit dataset bundled with scikit-learn
sklearn_00355,1,data/raw_digits/1/sklearn_00355_1.png,sklearn.load_digits,Real handwritten digit dataset bundled with scikit-learn
sklearn_00356,4,data/raw_digits/4/sklearn_00356_4.png,sklearn.load_digits,Real handwritten digit dataset bundled with scikit-learn
sklearn_00357,0,data/raw_digits/0/sklearn_00357_0.png,sklearn.load_digits,Real handwritten digit dataset bundled with scikit-learn
sklearn_00358,5,data/raw_digits/5/sklearn_00358_5.png,sklearn.load_digits,Real handwritten digit dataset bundled with scikit-learn
sklearn_00359,3,data/raw_digits/3/sklearn_00359_3.png,sklearn.load_digits,Real handwritten digit dataset bundled with scikit-learn
sklearn_00360,6,data/raw_digits/6/sklearn_00360_6.png,sklearn.load_digits,Real handwritten digit dataset bundled with scikit-learn
sklearn_00361,9,data/raw_digits/9/sklearn_00361_9.png,sklearn.load_digits,Real handwritten digit dataset bundled with scikit-learn
sklearn_00362,6,data/raw_digits/6/sklearn_00362_6.png,sklearn.load_digits,Real handwritten digit dataset bundled with scikit-learn
sklearn_00363,1,data/raw_digits/1/sklearn_00363_1.png,sklearn.load_digits,Real handwritten digit dataset bundled with scikit-learn
sklearn_00364,7,data/raw_digits/7/sklearn_00364_7.png,sklearn.load_digits,Real handwritten digit dataset bundled with scikit-learn
sklearn_00365,5,data/raw_digits/5/sklearn_00365_5.png,sklearn.load_digits,Real handwritten digit dataset bundled with scikit-learn
sklearn_00366,4,data/raw_digits/4/sklearn_00366_4.png,sklearn.load_digits,Real handwritten digit dataset bundled with scikit-learn
sklearn_00367,4,data/raw_digits/4/sklearn_00367_4.png,sklearn.load_digits,Real handwritten digit dataset bundled with scikit-learn
sklearn_00368,7,data/raw_digits/7/sklearn_00368_7.png,sklearn.load_digits,Real handwritten digit dataset bundled with scikit-learn
sklearn_00369,2,data/raw_digits/2/sklearn_00369_2.png,sklearn.load_digits,Real handwritten digit dataset bundled with scikit-learn
sklearn_00370,8,data/raw_digits/8/sklearn_00370_8.png,sklearn.load_digits,Real handwritten digit dataset bundled with scikit-learn
sklearn_00371,2,data/raw_digits/2/sklearn_00371_2.png,sklearn.load_digits,Real handwritten digit dataset bundled with scikit-learn
sklearn_00372,2,data/raw_digits/2/sklearn_00372_2.png,sklearn.load_digits,Real handwritten digit dataset bundled with scikit-learn
sklearn_00373,5,data/raw_digits/5/sklearn_00373_5.png,sklearn.load_digits,Real handwritten digit dataset bundled with scikit-learn
sklearn_00374,7,data/raw_digits/7/sklearn_00374_7.png,sklearn.load_digits,Real handwritten digit dataset bundled with scikit-learn
sklearn_00375,9,data/raw_digits/9/sklearn_00375_9.png,sklearn.load_digits,Real handwritten digit dataset bundled with scikit-learn
sklearn_00376,5,data/raw_digits/5/sklearn_00376_5.png,sklearn.load_digits,Real handwritten digit dataset bundled with scikit-learn
sklearn_00377,4,data/raw_digits/4/sklearn_00377_4.png,sklearn.load_digits,Real handwritten digit dataset bundled with scikit-learn
sklearn_00378,8,data/raw_digits/8/sklearn_00378_8.png,sklearn.load_digits,Real handwritten digit dataset bundled with scikit-learn
sklearn_00379,8,data/raw_digits/8/sklearn_00379_8.png,sklearn.load_digits,Real handwritten digit dataset bundled with scikit-learn
sklearn_00380,4,data/raw_digits/4/sklearn_00380_4.png,sklearn.load_digits,Real handwritten digit dataset bundled with scikit-learn
sklearn_00381,9,data/raw_digits/9/sklearn_00381_9.png,sklearn.load_digits,Real handwritten digit dataset bundled with scikit-learn
sklearn_00382,0,data/raw_digits/0/sklearn_00382_0.png,sklearn.load_digits,Real handwritten digit dataset bundled with scikit-learn
sklearn_00383,8,data/raw_digits/8/sklearn_00383_8.png,sklearn.load_digits,Real handwritten digit dataset bundled with scikit-learn
sklearn_00384,9,data/raw_digits/9/sklearn_00384_9.png,sklearn.load_digits,Real handwritten digit dataset bundled with scikit-learn
sklearn_00385,3,data/raw_digits/3/sklearn_00385_3.png,sklearn.load_digits,Real handwritten digit dataset bundled with scikit-learn
sklearn_00386,0,data/raw_digits/0/sklearn_00386_0.png,sklearn.load_digits,Real handwritten digit dataset bundled with scikit-learn
sklearn_00387,1,data/raw_digits/1/sklearn_00387_1.png,sklearn.load_digits,Real handwritten digit dataset bundled with scikit-learn
sklearn_00388,2,data/raw_digits/2/sklearn_00388_2.png,sklearn.load_digits,Real handwritten digit dataset bundled with scikit-learn
sklearn_00389,3,data/raw_digits/3/sklearn_00389_3.png,sklearn.load_digits,Real handwritten digit dataset bundled with scikit-learn
sklearn_00390,4,data/raw_digits/4/sklearn_00390_4.png,sklearn.load_digits,Real handwritten digit dataset bundled with scikit-learn
sklearn_00391,5,data/raw_digits/5/sklearn_00391_5.png,sklearn.load_digits,Real handwritten digit dataset bundled with scikit-learn
sklearn_00392,6,data/raw_digits/6/sklearn_00392_6.png,sklearn.load_digits,Real handwritten digit dataset bundled with scikit-learn
sklearn_00393,7,data/raw_digits/7/sklearn_00393_7.png,sklearn.load_digits,Real handwritten digit dataset bundled with scikit-learn
sklearn_00394,8,data/raw_digits/8/sklearn_00394_8.png,sklearn.load_digits,Real handwritten digit dataset bundled with scikit-learn
sklearn_00395,9,data/raw_digits/9/sklearn_00395_9.png,sklearn.load_digits,Real handwritten digit dataset bundled with scikit-learn
sklearn_00396,0,data/raw_digits/0/sklearn_00396_0.png,sklearn.load_digits,Real handwritten digit dataset bundled with scikit-learn
sklearn_00397,1,data/raw_digits/1/sklearn_00397_1.png,sklearn.load_digits,Real handwritten digit dataset bundled with scikit-learn
sklearn_00398,2,data/raw_digits/2/sklearn_00398_2.png,sklearn.load_digits,Real handwritten digit dataset bundled with scikit-learn
sklearn_00399,3,data/raw_digits/3/sklearn_00399_3.png,sklearn.load_digits,Real handwritten digit dataset bundled with scikit-learn
sklearn_00400,4,data/raw_digits/4/sklearn_00400_4.png,sklearn.load_digits,Real handwritten digit dataset bundled with scikit-learn
sklearn_00401,5,data/raw_digits/5/sklearn_00401_5.png,sklearn.load_digits,Real handwritten digit dataset bundled with scikit-learn
sklearn_00402,6,data/raw_digits/6/sklearn_00402_6.png,sklearn.load_digits,Real handwritten digit dataset bundled with scikit-learn
sklearn_00403,7,data/raw_digits/7/sklearn_00403_7.png,sklearn.load_digits,Real handwritten digit dataset bundled with scikit-learn
sklearn_00404,8,data/raw_digits/8/sklearn_00404_8.png,sklearn.load_digits,Real handwritten digit dataset bundled with scikit-learn
sklearn_00405,9,data/raw_digits/9/sklearn_00405_9.png,sklearn.load_digits,Real handwritten digit dataset bundled with scikit-learn
sklearn_00406,0,data/raw_digits/0/sklearn_00406_0.png,sklearn.load_digits,Real handwritten digit dataset bundled with scikit-learn
sklearn_00407,1,data/raw_digits/1/sklearn_00407_1.png,sklearn.load_digits,Real handwritten digit dataset bundled with scikit-learn
sklearn_00408,2,data/raw_digits/2/sklearn_00408_2.png,sklearn.load_digits,Real handwritten digit dataset bundled with scikit-learn
sklearn_00409,3,data/raw_digits/3/sklearn_00409_3.png,sklearn.load_digits,Real handwritten digit dataset bundled with scikit-learn
sklearn_00410,4,data/raw_digits/4/sklearn_00410_4.png,sklearn.load_digits,Real handwritten digit dataset bundled with scikit-learn
sklearn_00411,5,data/raw_digits/5/sklearn_00411_5.png,sklearn.load_digits,Real handwritten digit dataset bundled with scikit-learn
sklearn_00412,6,data/raw_digits/6/sklearn_00412_6.png,sklearn.load_digits,Real handwritten digit dataset bundled with scikit-learn
sklearn_00413,7,data/raw_digits/7/sklearn_00413_7.png,sklearn.load_digits,Real handwritten digit dataset bundled with scikit-learn
sklearn_00414,8,data/raw_digits/8/sklearn_00414_8.png,sklearn.load_digits,Real handwritten digit dataset bundled with scikit-learn
sklearn_00415,9,data/raw_digits/9/sklearn_00415_9.png,sklearn.load_digits,Real handwritten digit dataset bundled with scikit-learn
sklearn_00416,0,data/raw_digits/0/sklearn_00416_0.png,sklearn.load_digits,Real handwritten digit dataset bundled with scikit-learn
sklearn_00417,9,data/raw_digits/9/sklearn_00417_9.png,sklearn.load_digits,Real handwritten digit dataset bundled with scikit-learn
sklearn_00418,5,data/raw_digits/5/sklearn_00418_5.png,sklearn.load_digits,Real handwritten digit dataset bundled with scikit-learn
sklearn_00419,5,data/raw_digits/5/sklearn_00419_5.png,sklearn.load_digits,Real handwritten digit dataset bundled with scikit-learn
sklearn_00420,6,data/raw_digits/6/sklearn_00420_6.png,sklearn.load_digits,Real handwritten digit dataset bundled with scikit-learn
sklearn_00421,5,data/raw_digits/5/sklearn_00421_5.png,sklearn.load_digits,Real handwritten digit dataset bundled with scikit-learn
sklearn_00422,0,data/raw_digits/0/sklearn_00422_0.png,sklearn.load_digits,Real handwritten digit dataset bundled with scikit-learn
sklearn_00423,9,data/raw_digits/9/sklearn_00423_9.png,sklearn.load_digits,Real handwritten digit dataset bundled with scikit-learn
sklearn_00424,8,data/raw_digits/8/sklearn_00424_8.png,sklearn.load_digits,Real handwritten digit dataset bundled with scikit-learn
sklearn_00425,9,data/raw_digits/9/sklearn_00425_9.png,sklearn.load_digits,Real handwritten digit dataset bundled with scikit-learn
sklearn_00426,8,data/raw_digits/8/sklearn_00426_8.png,sklearn.load_digits,Real handwritten digit dataset bundled with scikit-learn
sklearn_00427,4,data/raw_digits/4/sklearn_00427_4.png,sklearn.load_digits,Real handwritten digit dataset bundled with scikit-learn
sklearn_00428,1,data/raw_digits/1/sklearn_00428_1.png,sklearn.load_digits,Real handwritten digit dataset bundled with scikit-learn
sklearn_00429,7,data/raw_digits/7/sklearn_00429_7.png,sklearn.load_digits,Real handwritten digit dataset bundled with scikit-learn
sklearn_00430,7,data/raw_digits/7/sklearn_00430_7.png,sklearn.load_digits,Real handwritten digit dataset bundled with scikit-learn
sklearn_00431,3,data/raw_digits/3/sklearn_00431_3.png,sklearn.load_digits,Real handwritten digit dataset bundled with scikit-learn
sklearn_00432,5,data/raw_digits/5/sklearn_00432_5.png,sklearn.load_digits,Real handwritten digit dataset bundled with scikit-learn
sklearn_00433,1,data/raw_digits/1/sklearn_00433_1.png,sklearn.load_digits,Real handwritten digit dataset bundled with scikit-learn
sklearn_00434,0,data/raw_digits/0/sklearn_00434_0.png,sklearn.load_digits,Real handwritten digit dataset bundled with scikit-learn
sklearn_00435,0,data/raw_digits/0/sklearn_00435_0.png,sklearn.load_digits,Real handwritten digit dataset bundled with scikit-learn
sklearn_00436,2,data/raw_digits/2/sklearn_00436_2.png,sklearn.load_digits,Real handwritten digit dataset bundled with scikit-learn
sklearn_00437,2,data/raw_digits/2/sklearn_00437_2.png,sklearn.load_digits,Real handwritten digit dataset bundled with scikit-learn
sklearn_00438,7,data/raw_digits/7/sklearn_00438_7.png,sklearn.load_digits,Real handwritten digit dataset bundled with scikit-learn
sklearn_00439,8,data/raw_digits/8/sklearn_00439_8.png,sklearn.load_digits,Real handwritten digit dataset bundled with scikit-learn
sklearn_00440,2,data/raw_digits/2/sklearn_00440_2.png,sklearn.load_digits,Real handwritten digit dataset bundled with scikit-learn
sklearn_00441,0,data/raw_digits/0/sklearn_00441_0.png,sklearn.load_digits,Real handwritten digit dataset bundled with scikit-learn
sklearn_00442,1,data/raw_digits/1/sklearn_00442_1.png,sklearn.load_digits,Real handwritten digit dataset bundled with scikit-learn
sklearn_00443,2,data/raw_digits/2/sklearn_00443_2.png,sklearn.load_digits,Real handwritten digit dataset bundled with scikit-learn
sklearn_00444,6,data/raw_digits/6/sklearn_00444_6.png,sklearn.load_digits,Real handwritten digit dataset bundled with scikit-learn
sklearn_00445,3,data/raw_digits/3/sklearn_00445_3.png,sklearn.load_digits,Real handwritten digit dataset bundled with scikit-learn
sklearn_00446,3,data/raw_digits/3/sklearn_00446_3.png,sklearn.load_digits,Real handwritten digit dataset bundled with scikit-learn
sklearn_00447,7,data/raw_digits/7/sklearn_00447_7.png,sklearn.load_digits,Real handwritten digit dataset bundled with scikit-learn
sklearn_00448,3,data/raw_digits/3/sklearn_00448_3.png,sklearn.load_digits,Real handwritten digit dataset bundled with scikit-learn
sklearn_00449,3,data/raw_digits/3/sklearn_00449_3.png,sklearn.load_digits,Real handwritten digit dataset bundled with scikit-learn
sklearn_00450,4,data/raw_digits/4/sklearn_00450_4.png,sklearn.load_digits,Real handwritten digit dataset bundled with scikit-learn
sklearn_00451,6,data/raw_digits/6/sklearn_00451_6.png,sklearn.load_digits,Real handwritten digit dataset bundled with scikit-learn
sklearn_00452,6,data/raw_digits/6/sklearn_00452_6.png,sklearn.load_digits,Real handwritten digit dataset bundled with scikit-learn
sklearn_00453,6,data/raw_digits/6/sklearn_00453_6.png,sklearn.load_digits,Real handwritten digit dataset bundled with scikit-learn
sklearn_00454,4,data/raw_digits/4/sklearn_00454_4.png,sklearn.load_digits,Real handwritten digit dataset bundled with scikit-learn
sklearn_00455,9,data/raw_digits/9/sklearn_00455_9.png,sklearn.load_digits,Real handwritten digit dataset bundled with scikit-learn
sklearn_00456,1,data/raw_digits/1/sklearn_00456_1.png,sklearn.load_digits,Real handwritten digit dataset bundled with scikit-learn
sklearn_00457,5,data/raw_digits/5/sklearn_00457_5.png,sklearn.load_digits,Real handwritten digit dataset bundled with scikit-learn
sklearn_00458,0,data/raw_digits/0/sklearn_00458_0.png,sklearn.load_digits,Real handwritten digit dataset bundled with scikit-learn
sklearn_00459,9,data/raw_digits/9/sklearn_00459_9.png,sklearn.load_digits,Real handwritten digit dataset bundled with scikit-learn
sklearn_00460,5,data/raw_digits/5/sklearn_00460_5.png,sklearn.load_digits,Real handwritten digit dataset bundled with scikit-learn
sklearn_00461,2,data/raw_digits/2/sklearn_00461_2.png,sklearn.load_digits,Real handwritten digit dataset bundled with scikit-learn
sklearn_00462,8,data/raw_digits/8/sklearn_00462_8.png,sklearn.load_digits,Real handwritten digit dataset bundled with scikit-learn
sklearn_00463,2,data/raw_digits/2/sklearn_00463_2.png,sklearn.load_digits,Real handwritten digit dataset bundled with scikit-learn
sklearn_00464,0,data/raw_digits/0/sklearn_00464_0.png,sklearn.load_digits,Real handwritten digit dataset bundled with scikit-learn
sklearn_00465,0,data/raw_digits/0/sklearn_00465_0.png,sklearn.load_digits,Real handwritten digit dataset bundled with scikit-learn
sklearn_00466,1,data/raw_digits/1/sklearn_00466_1.png,sklearn.load_digits,Real handwritten digit dataset bundled with scikit-learn
sklearn_00467,7,data/raw_digits/7/sklearn_00467_7.png,sklearn.load_digits,Real handwritten digit dataset bundled with scikit-learn
sklearn_00468,6,data/raw_digits/6/sklearn_00468_6.png,sklearn.load_digits,Real handwritten digit dataset bundled with scikit-learn
sklearn_00469,3,data/raw_digits/3/sklearn_00469_3.png,sklearn.load_digits,Real handwritten digit dataset bundled with scikit-learn
sklearn_00470,2,data/raw_digits/2/sklearn_00470_2.png,sklearn.load_digits,Real handwritten digit dataset bundled with scikit-learn
sklearn_00471,1,data/raw_digits/1/sklearn_00471_1.png,sklearn.load_digits,Real handwritten digit dataset bundled with scikit-learn
sklearn_00472,7,data/raw_digits/7/sklearn_00472_7.png,sklearn.load_digits,Real handwritten digit dataset bundled with scikit-learn
sklearn_00473,4,data/raw_digits/4/sklearn_00473_4.png,sklearn.load_digits,Real handwritten digit dataset bundled with scikit-learn
sklearn_00474,6,data/raw_digits/6/sklearn_00474_6.png,sklearn.load_digits,Real handwritten digit dataset bundled with scikit-learn
sklearn_00475,3,data/raw_digits/3/sklearn_00475_3.png,sklearn.load_digits,Real handwritten digit dataset bundled with scikit-learn
sklearn_00476,1,data/raw_digits/1/sklearn_00476_1.png,sklearn.load_digits,Real handwritten digit dataset bundled with scikit-learn
sklearn_00477,3,data/raw_digits/3/sklearn_00477_3.png,sklearn.load_digits,Real handwritten digit dataset bundled with scikit-learn
sklearn_00478,9,data/raw_digits/9/sklearn_00478_9.png,sklearn.load_digits,Real handwritten digit dataset bundled with scikit-learn
sklearn_00479,1,data/raw_digits/1/sklearn_00479_1.png,sklearn.load_digits,Real handwritten digit dataset bundled with scikit-learn
sklearn_00480,7,data/raw_digits/7/sklearn_00480_7.png,sklearn.load_digits,Real handwritten digit dataset bundled with scikit-learn
sklearn_00481,6,data/raw_digits/6/sklearn_00481_6.png,sklearn.load_digits,Real handwritten digit dataset bundled with scikit-learn
sklearn_00482,8,data/raw_digits/8/sklearn_00482_8.png,sklearn.load_digits,Real handwritten digit dataset bundled with scikit-learn
sklearn_00483,4,data/raw_digits/4/sklearn_00483_4.png,sklearn.load_digits,Real handwritten digit dataset bundled with scikit-learn
sklearn_00484,3,data/raw_digits/3/sklearn_00484_3.png,sklearn.load_digits,Real handwritten digit dataset bundled with scikit-learn
sklearn_00485,1,data/raw_digits/1/sklearn_00485_1.png,sklearn.load_digits,Real handwritten digit dataset bundled with scikit-learn
sklearn_00486,4,data/raw_digits/4/sklearn_00486_4.png,sklearn.load_digits,Real handwritten digit dataset bundled with scikit-learn
sklearn_00487,0,data/raw_digits/0/sklearn_00487_0.png,sklearn.load_digits,Real handwritten digit dataset bundled with scikit-learn
sklearn_00488,5,data/raw_digits/5/sklearn_00488_5.png,sklearn.load_digits,Real handwritten digit dataset bundled with scikit-learn
sklearn_00489,3,data/raw_digits/3/sklearn_00489_3.png,sklearn.load_digits,Real handwritten digit dataset bundled with scikit-learn
sklearn_00490,6,data/raw_digits/6/sklearn_00490_6.png,sklearn.load_digits,Real handwritten digit dataset bundled with scikit-learn
sklearn_00491,9,data/raw_digits/9/sklearn_00491_9.png,sklearn.load_digits,Real handwritten digit dataset bundled with scikit-learn
sklearn_00492,6,data/raw_digits/6/sklearn_00492_6.png,sklearn.load_digits,Real handwritten digit dataset bundled with scikit-learn
sklearn_00493,1,data/raw_digits/1/sklearn_00493_1.png,sklearn.load_digits,Real handwritten digit dataset bundled with scikit-learn
sklearn_00494,7,data/raw_digits/7/sklearn_00494_7.png,sklearn.load_digits,Real handwritten digit dataset bundled with scikit-learn
sklearn_00495,5,data/raw_digits/5/sklearn_00495_5.png,sklearn.load_digits,Real handwritten digit dataset bundled with scikit-learn
sklearn_00496,4,data/raw_digits/4/sklearn_00496_4.png,sklearn.load_digits,Real handwritten digit dataset bundled with scikit-learn
sklearn_00497,4,data/raw_digits/4/sklearn_00497_4.png,sklearn.load_digits,Real handwritten digit dataset bundled with scikit-learn
sklearn_00498,7,data/raw_digits/7/sklearn_00498_7.png,sklearn.load_digits,Real handwritten digit dataset bundled with scikit-learn
sklearn_00499,2,data/raw_digits/2/sklearn_00499_2.png,sklearn.load_digits,Real handwritten digit dataset bundled with scikit-learn
sklearn_00500,8,data/raw_digits/8/sklearn_00500_8.png,sklearn.load_digits,Real handwritten digit dataset bundled with scikit-learn
sklearn_00501,2,data/raw_digits/2/sklearn_00501_2.png,sklearn.load_digits,Real handwritten digit dataset bundled with scikit-learn
sklearn_00502,2,data/raw_digits/2/sklearn_00502_2.png,sklearn.load_digits,Real handwritten digit dataset bundled with scikit-learn
sklearn_00503,5,data/raw_digits/5/sklearn_00503_5.png,sklearn.load_digits,Real handwritten digit dataset bundled with scikit-learn
sklearn_00504,7,data/raw_digits/7/sklearn_00504_7.png,sklearn.load_digits,Real handwritten digit dataset bundled with scikit-learn
sklearn_00505,9,data/raw_digits/9/sklearn_00505_9.png,sklearn.load_digits,Real handwritten digit dataset bundled with scikit-learn
sklearn_00506,5,data/raw_digits/5/sklearn_00506_5.png,sklearn.load_digits,Real handwritten digit dataset bundled with scikit-learn
sklearn_00507,4,data/raw_digits/4/sklearn_00507_4.png,sklearn.load_digits,Real handwritten digit dataset bundled with scikit-learn
sklearn_00508,8,data/raw_digits/8/sklearn_00508_8.png,sklearn.load_digits,Real handwritten digit dataset bundled with scikit-learn
sklearn_00509,8,data/raw_digits/8/sklearn_00509_8.png,sklearn.load_digits,Real handwritten digit dataset bundled with scikit-learn
sklearn_00510,4,data/raw_digits/4/sklearn_00510_4.png,sklearn.load_digits,Real handwritten digit dataset bundled with scikit-learn
sklearn_00511,9,data/raw_digits/9/sklearn_00511_9.png,sklearn.load_digits,Real handwritten digit dataset bundled with scikit-learn
sklearn_00512,0,data/raw_digits/0/sklearn_00512_0.png,sklearn.load_digits,Real handwritten digit dataset bundled with scikit-learn
sklearn_00513,8,data/raw_digits/8/sklearn_00513_8.png,sklearn.load_digits,Real handwritten digit dataset bundled with scikit-learn
sklearn_00514,9,data/raw_digits/9/sklearn_00514_9.png,sklearn.load_digits,Real handwritten digit dataset bundled with scikit-learn
sklearn_00515,8,data/raw_digits/8/sklearn_00515_8.png,sklearn.load_digits,Real handwritten digit dataset bundled with scikit-learn
sklearn_00516,0,data/raw_digits/0/sklearn_00516_0.png,sklearn.load_digits,Real handwritten digit dataset bundled with scikit-learn
sklearn_00517,1,data/raw_digits/1/sklearn_00517_1.png,sklearn.load_digits,Real handwritten digit dataset bundled with scikit-learn
sklearn_00518,2,data/raw_digits/2/sklearn_00518_2.png,sklearn.load_digits,Real handwritten digit dataset bundled with scikit-learn
sklearn_00519,3,data/raw_digits/3/sklearn_00519_3.png,sklearn.load_digits,Real handwritten digit dataset bundled with scikit-learn
sklearn_00520,4,data/raw_digits/4/sklearn_00520_4.png,sklearn.load_digits,Real handwritten digit dataset bundled with scikit-learn
sklearn_00521,5,data/raw_digits/5/sklearn_00521_5.png,sklearn.load_digits,Real handwritten digit dataset bundled with scikit-learn
sklearn_00522,6,data/raw_digits/6/sklearn_00522_6.png,sklearn.load_digits,Real handwritten digit dataset bundled with scikit-learn
sklearn_00523,7,data/raw_digits/7/sklearn_00523_7.png,sklearn.load_digits,Real handwritten digit dataset bundled with scikit-learn
sklearn_00524,8,data/raw_digits/8/sklearn_00524_8.png,sklearn.load_digits,Real handwritten digit dataset bundled with scikit-learn
sklearn_00525,9,data/raw_digits/9/sklearn_00525_9.png,sklearn.load_digits,Real handwritten digit dataset bundled with scikit-learn
sklearn_00526,0,data/raw_digits/0/sklearn_00526_0.png,sklearn.load_digits,Real handwritten digit dataset bundled with scikit-learn
sklearn_00527,1,data/raw_digits/1/sklearn_00527_1.png,sklearn.load_digits,Real handwritten digit dataset bundled with scikit-learn
sklearn_00528,2,data/raw_digits/2/sklearn_00528_2.png,sklearn.load_digits,Real handwritten digit dataset bundled with scikit-learn
sklearn_00529,3,data/raw_digits/3/sklearn_00529_3.png,sklearn.load_digits,Real handwritten digit dataset bundled with scikit-learn
sklearn_00530,4,data/raw_digits/4/sklearn_00530_4.png,sklearn.load_digits,Real handwritten digit dataset bundled with scikit-learn
sklearn_00531,5,data/raw_digits/5/sklearn_00531_5.png,sklearn.load_digits,Real handwritten digit dataset bundled with scikit-learn
sklearn_00532,6,data/raw_digits/6/sklearn_00532_6.png,sklearn.load_digits,Real handwritten digit dataset bundled with scikit-learn
sklearn_00533,7,data/raw_digits/7/sklearn_00533_7.png,sklearn.load_digits,Real handwritten digit dataset bundled with scikit-learn
sklearn_00534,8,data/raw_digits/8/sklearn_00534_8.png,sklearn.load_digits,Real handwritten digit dataset bundled with scikit-learn
sklearn_00535,9,data/raw_digits/9/sklearn_00535_9.png,sklearn.load_digits,Real handwritten digit dataset bundled with scikit-learn
sklearn_00536,0,data/raw_digits/0/sklearn_00536_0.png,sklearn.load_digits,Real handwritten digit dataset bundled with scikit-learn
sklearn_00537,1,data/raw_digits/1/sklearn_00537_1.png,sklearn.load_digits,Real handwritten digit dataset bundled with scikit-learn
sklearn_00538,2,data/raw_digits/2/sklearn_00538_2.png,sklearn.load_digits,Real handwritten digit dataset bundled with scikit-learn
sklearn_00539,3,data/raw_digits/3/sklearn_00539_3.png,sklearn.load_digits,Real handwritten digit dataset bundled with scikit-learn
sklearn_00540,4,data/raw_digits/4/sklearn_00540_4.png,sklearn.load_digits,Real handwritten digit dataset bundled with scikit-learn
sklearn_00541,5,data/raw_digits/5/sklearn_00541_5.png,sklearn.load_digits,Real handwritten digit dataset bundled with scikit-learn
sklearn_00542,6,data/raw_digits/6/sklearn_00542_6.png,sklearn.load_digits,Real handwritten digit dataset bundled with scikit-learn
sklearn_00543,7,data/raw_digits/7/sklearn_00543_7.png,sklearn.load_digits,Real handwritten digit dataset bundled with scikit-learn
sklearn_00544,8,data/raw_digits/8/sklearn_00544_8.png,sklearn.load_digits,Real handwritten digit dataset bundled with scikit-learn
sklearn_00545,9,data/raw_digits/9/sklearn_00545_9.png,sklearn.load_digits,Real handwritten digit dataset bundled with scikit-learn
sklearn_00546,0,data/raw_digits/0/sklearn_00546_0.png,sklearn.load_digits,Real handwritten digit dataset bundled with scikit-learn
sklearn_00547,9,data/raw_digits/9/sklearn_00547_9.png,sklearn.load_digits,Real handwritten digit dataset bundled with scikit-learn
sklearn_00548,5,data/raw_digits/5/sklearn_00548_5.png,sklearn.load_digits,Real handwritten digit dataset bundled with scikit-learn
sklearn_00549,5,data/raw_digits/5/sklearn_00549_5.png,sklearn.load_digits,Real handwritten digit dataset bundled with scikit-learn
sklearn_00550,6,data/raw_digits/6/sklearn_00550_6.png,sklearn.load_digits,Real handwritten digit dataset bundled with scikit-learn
sklearn_00551,5,data/raw_digits/5/sklearn_00551_5.png,sklearn.load_digits,Real handwritten digit dataset bundled with scikit-learn
sklearn_00552,0,data/raw_digits/0/sklearn_00552_0.png,sklearn.load_digits,Real handwritten digit dataset bundled with scikit-learn
sklearn_00553,9,data/raw_digits/9/sklearn_00553_9.png,sklearn.load_digits,Real handwritten digit dataset bundled with scikit-learn
sklearn_00554,8,data/raw_digits/8/sklearn_00554_8.png,sklearn.load_digits,Real handwritten digit dataset bundled with scikit-learn
sklearn_00555,9,data/raw_digits/9/sklearn_00555_9.png,sklearn.load_digits,Real handwritten digit dataset bundled with scikit-learn
sklearn_00556,8,data/raw_digits/8/sklearn_00556_8.png,sklearn.load_digits,Real handwritten digit dataset bundled with scikit-learn
sklearn_00557,4,data/raw_digits/4/sklearn_00557_4.png,sklearn.load_digits,Real handwritten digit dataset bundled with scikit-learn
sklearn_00558,1,data/raw_digits/1/sklearn_00558_1.png,sklearn.load_digits,Real handwritten digit dataset bundled with scikit-learn
sklearn_00559,7,data/raw_digits/7/sklearn_00559_7.png,sklearn.load_digits,Real handwritten digit dataset bundled with scikit-learn
sklearn_00560,7,data/raw_digits/7/sklearn_00560_7.png,sklearn.load_digits,Real handwritten digit dataset bundled with scikit-learn
sklearn_00561,3,data/raw_digits/3/sklearn_00561_3.png,sklearn.load_digits,Real handwritten digit dataset bundled with scikit-learn
sklearn_00562,5,data/raw_digits/5/sklearn_00562_5.png,sklearn.load_digits,Real handwritten digit dataset bundled with scikit-learn
sklearn_00563,1,data/raw_digits/1/sklearn_00563_1.png,sklearn.load_digits,Real handwritten digit dataset bundled with scikit-learn
sklearn_00564,0,data/raw_digits/0/sklearn_00564_0.png,sklearn.load_digits,Real handwritten digit dataset bundled with scikit-learn
sklearn_00565,0,data/raw_digits/0/sklearn_00565_0.png,sklearn.load_digits,Real handwritten digit dataset bundled with scikit-learn
sklearn_00566,2,data/raw_digits/2/sklearn_00566_2.png,sklearn.load_digits,Real handwritten digit dataset bundled with scikit-learn
sklearn_00567,2,data/raw_digits/2/sklearn_00567_2.png,sklearn.load_digits,Real handwritten digit dataset bundled with scikit-learn
sklearn_00568,7,data/raw_digits/7/sklearn_00568_7.png,sklearn.load_digits,Real handwritten digit dataset bundled with scikit-learn
sklearn_00569,8,data/raw_digits/8/sklearn_00569_8.png,sklearn.load_digits,Real handwritten digit dataset bundled with scikit-learn
sklearn_00570,2,data/raw_digits/2/sklearn_00570_2.png,sklearn.load_digits,Real handwritten digit dataset bundled with scikit-learn
sklearn_00571,0,data/raw_digits/0/sklearn_00571_0.png,sklearn.load_digits,Real handwritten digit dataset bundled with scikit-learn
sklearn_00572,1,data/raw_digits/1/sklearn_00572_1.png,sklearn.load_digits,Real handwritten digit dataset bundled with scikit-learn
sklearn_00573,2,data/raw_digits/2/sklearn_00573_2.png,sklearn.load_digits,Real handwritten digit dataset bundled with scikit-learn
sklearn_00574,6,data/raw_digits/6/sklearn_00574_6.png,sklearn.load_digits,Real handwritten digit dataset bundled with scikit-learn
sklearn_00575,3,data/raw_digits/3/sklearn_00575_3.png,sklearn.load_digits,Real handwritten digit dataset bundled with scikit-learn
sklearn_00576,3,data/raw_digits/3/sklearn_00576_3.png,sklearn.load_digits,Real handwritten digit dataset bundled with scikit-learn
sklearn_00577,7,data/raw_digits/7/sklearn_00577_7.png,sklearn.load_digits,Real handwritten digit dataset bundled with scikit-learn
sklearn_00578,3,data/raw_digits/3/sklearn_00578_3.png,sklearn.load_digits,Real handwritten digit dataset bundled with scikit-learn
sklearn_00579,3,data/raw_digits/3/sklearn_00579_3.png,sklearn.load_digits,Real handwritten digit dataset bundled with scikit-learn
sklearn_00580,4,data/raw_digits/4/sklearn_00580_4.png,sklearn.load_digits,Real handwritten digit dataset bundled with scikit-learn
sklearn_00581,6,data/raw_digits/6/sklearn_00581_6.png,sklearn.load_digits,Real handwritten digit dataset bundled with scikit-learn
sklearn_00582,6,data/raw_digits/6/sklearn_00582_6.png,sklearn.load_digits,Real handwritten digit dataset bundled with scikit-learn
sklearn_00583,6,data/raw_digits/6/sklearn_00583_6.png,sklearn.load_digits,Real handwritten digit dataset bundled with scikit-learn
sklearn_00584,4,data/raw_digits/4/sklearn_00584_4.png,sklearn.load_digits,Real handwritten digit dataset bundled with scikit-learn
sklearn_00585,9,data/raw_digits/9/sklearn_00585_9.png,sklearn.load_digits,Real handwritten digit dataset bundled with scikit-learn
sklearn_00586,1,data/raw_digits/1/sklearn_00586_1.png,sklearn.load_digits,Real handwritten digit dataset bundled with scikit-learn
sklearn_00587,5,data/raw_digits/5/sklearn_00587_5.png,sklearn.load_digits,Real handwritten digit dataset bundled with scikit-learn
sklearn_00588,0,data/raw_digits/0/sklearn_00588_0.png,sklearn.load_digits,Real handwritten digit dataset bundled with scikit-learn
sklearn_00589,9,data/raw_digits/9/sklearn_00589_9.png,sklearn.load_digits,Real handwritten digit dataset bundled with scikit-learn
sklearn_00590,5,data/raw_digits/5/sklearn_00590_5.png,sklearn.load_digits,Real handwritten digit dataset bundled with scikit-learn
sklearn_00591,2,data/raw_digits/2/sklearn_00591_2.png,sklearn.load_digits,Real handwritten digit dataset bundled with scikit-learn
sklearn_00592,8,data/raw_digits/8/sklearn_00592_8.png,sklearn.load_digits,Real handwritten digit dataset bundled with scikit-learn
sklearn_00593,2,data/raw_digits/2/sklearn_00593_2.png,sklearn.load_digits,Real handwritten digit dataset bundled with scikit-learn
sklearn_00594,0,data/raw_digits/0/sklearn_00594_0.png,sklearn.load_digits,Real handwritten digit dataset bundled with scikit-learn
sklearn_00595,0,data/raw_digits/0/sklearn_00595_0.png,sklearn.load_digits,Real handwritten digit dataset bundled with scikit-learn
sklearn_00596,1,data/raw_digits/1/sklearn_00596_1.png,sklearn.load_digits,Real handwritten digit dataset bundled with scikit-learn
sklearn_00597,7,data/raw_digits/7/sklearn_00597_7.png,sklearn.load_digits,Real handwritten digit dataset bundled with scikit-learn
sklearn_00598,6,data/raw_digits/6/sklearn_00598_6.png,sklearn.load_digits,Real handwritten digit dataset bundled with scikit-learn
sklearn_00599,3,data/raw_digits/3/sklearn_00599_3.png,sklearn.load_digits,Real handwritten digit dataset bundled with scikit-learn
sklearn_00600,2,data/raw_digits/2/sklearn_00600_2.png,sklearn.load_digits,Real handwritten digit dataset bundled with scikit-learn
sklearn_00601,1,data/raw_digits/1/sklearn_00601_1.png,sklearn.load_digits,Real handwritten digit dataset bundled with scikit-learn
sklearn_00602,7,data/raw_digits/7/sklearn_00602_7.png,sklearn.load_digits,Real handwritten digit dataset bundled with scikit-learn
sklearn_00603,4,data/raw_digits/4/sklearn_00603_4.png,sklearn.load_digits,Real handwritten digit dataset bundled with scikit-learn
sklearn_00604,6,data/raw_digits/6/sklearn_00604_6.png,sklearn.load_digits,Real handwritten digit dataset bundled with scikit-learn
sklearn_00605,3,data/raw_digits/3/sklearn_00605_3.png,sklearn.load_digits,Real handwritten digit dataset bundled with scikit-learn
sklearn_00606,1,data/raw_digits/1/sklearn_00606_1.png,sklearn.load_digits,Real handwritten digit dataset bundled with scikit-learn
sklearn_00607,3,data/raw_digits/3/sklearn_00607_3.png,sklearn.load_digits,Real handwritten digit dataset bundled with scikit-learn
sklearn_00608,9,data/raw_digits/9/sklearn_00608_9.png,sklearn.load_digits,Real handwritten digit dataset bundled with scikit-learn
sklearn_00609,1,data/raw_digits/1/sklearn_00609_1.png,sklearn.load_digits,Real handwritten digit dataset bundled with scikit-learn
sklearn_00610,7,data/raw_digits/7/sklearn_00610_7.png,sklearn.load_digits,Real handwritten digit dataset bundled with scikit-learn
sklearn_00611,6,data/raw_digits/6/sklearn_00611_6.png,sklearn.load_digits,Real handwritten digit dataset bundled with scikit-learn
sklearn_00612,8,data/raw_digits/8/sklearn_00612_8.png,sklearn.load_digits,Real handwritten digit dataset bundled with scikit-learn
sklearn_00613,4,data/raw_digits/4/sklearn_00613_4.png,sklearn.load_digits,Real handwritten digit dataset bundled with scikit-learn
sklearn_00614,3,data/raw_digits/3/sklearn_00614_3.png,sklearn.load_digits,Real handwritten digit dataset bundled with scikit-learn
sklearn_00615,1,data/raw_digits/1/sklearn_00615_1.png,sklearn.load_digits,Real handwritten digit dataset bundled with scikit-learn
sklearn_00616,4,data/raw_digits/4/sklearn_00616_4.png,sklearn.load_digits,Real handwritten digit dataset bundled with scikit-learn
sklearn_00617,0,data/raw_digits/0/sklearn_00617_0.png,sklearn.load_digits,Real handwritten digit dataset bundled with scikit-learn
sklearn_00618,5,data/raw_digits/5/sklearn_00618_5.png,sklearn.load_digits,Real handwritten digit dataset bundled with scikit-learn
sklearn_00619,3,data/raw_digits/3/sklearn_00619_3.png,sklearn.load_digits,Real handwritten digit dataset bundled with scikit-learn
sklearn_00620,6,data/raw_digits/6/sklearn_00620_6.png,sklearn.load_digits,Real handwritten digit dataset bundled with scikit-learn
sklearn_00621,9,data/raw_digits/9/sklearn_00621_9.png,sklearn.load_digits,Real handwritten digit dataset bundled with scikit-learn
sklearn_00622,6,data/raw_digits/6/sklearn_00622_6.png,sklearn.load_digits,Real handwritten digit dataset bundled with scikit-learn
sklearn_00623,1,data/raw_digits/1/sklearn_00623_1.png,sklearn.load_digits,Real handwritten digit dataset bundled with scikit-learn
sklearn_00624,7,data/raw_digits/7/sklearn_00624_7.png,sklearn.load_digits,Real handwritten digit dataset bundled with scikit-learn
sklearn_00625,5,data/raw_digits/5/sklearn_00625_5.png,sklearn.load_digits,Real handwritten digit dataset bundled with scikit-learn
sklearn_00626,4,data/raw_digits/4/sklearn_00626_4.png,sklearn.load_digits,Real handwritten digit dataset bundled with scikit-learn
sklearn_00627,4,data/raw_digits/4/sklearn_00627_4.png,sklearn.load_digits,Real handwritten digit dataset bundled with scikit-learn
sklearn_00628,7,data/raw_digits/7/sklearn_00628_7.png,sklearn.load_digits,Real handwritten digit dataset bundled with scikit-learn
sklearn_00629,2,data/raw_digits/2/sklearn_00629_2.png,sklearn.load_digits,Real handwritten digit dataset bundled with scikit-learn
sklearn_00630,8,data/raw_digits/8/sklearn_00630_8.png,sklearn.load_digits,Real handwritten digit dataset bundled with scikit-learn
sklearn_00631,2,data/raw_digits/2/sklearn_00631_2.png,sklearn.load_digits,Real handwritten digit dataset bundled with scikit-learn
sklearn_00632,2,data/raw_digits/2/sklearn_00632_2.png,sklearn.load_digits,Real handwritten digit dataset bundled with scikit-learn
sklearn_00633,5,data/raw_digits/5/sklearn_00633_5.png,sklearn.load_digits,Real handwritten digit dataset bundled with scikit-learn
sklearn_00634,7,data/raw_digits/7/sklearn_00634_7.png,sklearn.load_digits,Real handwritten digit dataset bundled with scikit-learn
sklearn_00635,9,data/raw_digits/9/sklearn_00635_9.png,sklearn.load_digits,Real handwritten digit dataset bundled with scikit-learn
sklearn_00636,5,data/raw_digits/5/sklearn_00636_5.png,sklearn.load_digits,Real handwritten digit dataset bundled with scikit-learn
sklearn_00637,4,data/raw_digits/4/sklearn_00637_4.png,sklearn.load_digits,Real handwritten digit dataset bundled with scikit-learn
sklearn_00638,8,data/raw_digits/8/sklearn_00638_8.png,sklearn.load_digits,Real handwritten digit dataset bundled with scikit-learn
sklearn_00639,8,data/raw_digits/8/sklearn_00639_8.png,sklearn.load_digits,Real handwritten digit dataset bundled with scikit-learn
sklearn_00640,4,data/raw_digits/4/sklearn_00640_4.png,sklearn.load_digits,Real handwritten digit dataset bundled with scikit-learn
sklearn_00641,9,data/raw_digits/9/sklearn_00641_9.png,sklearn.load_digits,Real handwritten digit dataset bundled with scikit-learn
sklearn_00642,0,data/raw_digits/0/sklearn_00642_0.png,sklearn.load_digits,Real handwritten digit dataset bundled with scikit-learn
sklearn_00643,8,data/raw_digits/8/sklearn_00643_8.png,sklearn.load_digits,Real handwritten digit dataset bundled with scikit-learn
sklearn_00644,9,data/raw_digits/9/sklearn_00644_9.png,sklearn.load_digits,Real handwritten digit dataset bundled with scikit-learn
sklearn_00645,8,data/raw_digits/8/sklearn_00645_8.png,sklearn.load_digits,Real handwritten digit dataset bundled with scikit-learn
sklearn_00646,0,data/raw_digits/0/sklearn_00646_0.png,sklearn.load_digits,Real handwritten digit dataset bundled with scikit-learn
sklearn_00647,1,data/raw_digits/1/sklearn_00647_1.png,sklearn.load_digits,Real handwritten digit dataset bundled with scikit-learn
sklearn_00648,2,data/raw_digits/2/sklearn_00648_2.png,sklearn.load_digits,Real handwritten digit dataset bundled with scikit-learn
sklearn_00649,3,data/raw_digits/3/sklearn_00649_3.png,sklearn.load_digits,Real handwritten digit dataset bundled with scikit-learn
sklearn_00650,4,data/raw_digits/4/sklearn_00650_4.png,sklearn.load_digits,Real handwritten digit dataset bundled with scikit-learn
sklearn_00651,5,data/raw_digits/5/sklearn_00651_5.png,sklearn.load_digits,Real handwritten digit dataset bundled with scikit-learn
sklearn_00652,6,data/raw_digits/6/sklearn_00652_6.png,sklearn.load_digits,Real handwritten digit dataset bundled with scikit-learn
sklearn_00653,7,data/raw_digits/7/sklearn_00653_7.png,sklearn.load_digits,Real handwritten digit dataset bundled with scikit-learn
sklearn_00654,8,data/raw_digits/8/sklearn_00654_8.png,sklearn.load_digits,Real handwritten digit dataset bundled with scikit-learn
sklearn_00655,9,data/raw_digits/9/sklearn_00655_9.png,sklearn.load_digits,Real handwritten digit dataset bundled with scikit-learn
sklearn_00656,0,data/raw_digits/0/sklearn_00656_0.png,sklearn.load_digits,Real handwritten digit dataset bundled with scikit-learn
sklearn_00657,1,data/raw_digits/1/sklearn_00657_1.png,sklearn.load_digits,Real handwritten digit dataset bundled with scikit-learn
sklearn_00658,2,data/raw_digits/2/sklearn_00658_2.png,sklearn.load_digits,Real handwritten digit dataset bundled with scikit-learn
sklearn_00659,3,data/raw_digits/3/sklearn_00659_3.png,sklearn.load_digits,Real handwritten digit dataset bundled with scikit-learn
sklearn_00660,4,data/raw_digits/4/sklearn_00660_4.png,sklearn.load_digits,Real handwritten digit dataset bundled with scikit-learn
sklearn_00661,5,data/raw_digits/5/sklearn_00661_5.png,sklearn.load_digits,Real handwritten digit dataset bundled with scikit-learn
sklearn_00662,6,data/raw_digits/6/sklearn_00662_6.png,sklearn.load_digits,Real handwritten digit dataset bundled with scikit-learn
sklearn_00663,7,data/raw_digits/7/sklearn_00663_7.png,sklearn.load_digits,Real handwritten digit dataset bundled with scikit-learn
sklearn_00664,8,data/raw_digits/8/sklearn_00664_8.png,sklearn.load_digits,Real handwritten digit dataset bundled with scikit-learn
sklearn_00665,9,data/raw_digits/9/sklearn_00665_9.png,sklearn.load_digits,Real handwritten digit dataset bundled with scikit-learn
sklearn_00666,0,data/raw_digits/0/sklearn_00666_0.png,sklearn.load_digits,Real handwritten digit dataset bundled with scikit-learn
sklearn_00667,1,data/raw_digits/1/sklearn_00667_1.png,sklearn.load_digits,Real handwritten digit dataset bundled with scikit-learn
sklearn_00668,2,data/raw_digits/2/sklearn_00668_2.png,sklearn.load_digits,Real handwritten digit dataset bundled with scikit-learn
sklearn_00669,3,data/raw_digits/3/sklearn_00669_3.png,sklearn.load_digits,Real handwritten digit dataset bundled with scikit-learn
sklearn_00670,4,data/raw_digits/4/sklearn_00670_4.png,sklearn.load_digits,Real handwritten digit dataset bundled with scikit-learn
sklearn_00671,5,data/raw_digits/5/sklearn_00671_5.png,sklearn.load_digits,Real handwritten digit dataset bundled with scikit-learn
sklearn_00672,6,data/raw_digits/6/sklearn_00672_6.png,sklearn.load_digits,Real handwritten digit dataset bundled with scikit-learn
sklearn_00673,7,data/raw_digits/7/sklearn_00673_7.png,sklearn.load_digits,Real handwritten digit dataset bundled with scikit-learn
sklearn_00674,8,data/raw_digits/8/sklearn_00674_8.png,sklearn.load_digits,Real handwritten digit dataset bundled with scikit-learn
sklearn_00675,9,data/raw_digits/9/sklearn_00675_9.png,sklearn.load_digits,Real handwritten digit dataset bundled with scikit-learn
sklearn_00676,0,data/raw_digits/0/sklearn_00676_0.png,sklearn.load_digits,Real handwritten digit dataset bundled with scikit-learn
sklearn_00677,9,data/raw_digits/9/sklearn_00677_9.png,sklearn.load_digits,Real handwritten digit dataset bundled with scikit-learn
sklearn_00678,5,data/raw_digits/5/sklearn_00678_5.png,sklearn.load_digits,Real handwritten digit dataset bundled with scikit-learn
sklearn_00679,5,data/raw_digits/5/sklearn_00679_5.png,sklearn.load_digits,Real handwritten digit dataset bundled with scikit-learn
sklearn_00680,6,data/raw_digits/6/sklearn_00680_6.png,sklearn.load_digits,Real handwritten digit dataset bundled with scikit-learn
sklearn_00681,5,data/raw_digits/5/sklearn_00681_5.png,sklearn.load_digits,Real handwritten digit dataset bundled with scikit-learn
sklearn_00682,0,data/raw_digits/0/sklearn_00682_0.png,sklearn.load_digits,Real handwritten digit dataset bundled with scikit-learn
sklearn_00683,9,data/raw_digits/9/sklearn_00683_9.png,sklearn.load_digits,Real handwritten digit dataset bundled with scikit-learn
sklearn_00684,8,data/raw_digits/8/sklearn_00684_8.png,sklearn.load_digits,Real handwritten digit dataset bundled with scikit-learn
sklearn_00685,9,data/raw_digits/9/sklearn_00685_9.png,sklearn.load_digits,Real handwritten digit dataset bundled with scikit-learn
sklearn_00686,8,data/raw_digits/8/sklearn_00686_8.png,sklearn.load_digits,Real handwritten digit dataset bundled with scikit-learn
sklearn_00687,4,data/raw_digits/4/sklearn_00687_4.png,sklearn.load_digits,Real handwritten digit dataset bundled with scikit-learn
sklearn_00688,1,data/raw_digits/1/sklearn_00688_1.png,sklearn.load_digits,Real handwritten digit dataset bundled with scikit-learn
sklearn_00689,7,data/raw_digits/7/sklearn_00689_7.png,sklearn.load_digits,Real handwritten digit dataset bundled with scikit-learn
sklearn_00690,7,data/raw_digits/7/sklearn_00690_7.png,sklearn.load_digits,Real handwritten digit dataset bundled with scikit-learn
sklearn_00691,3,data/raw_digits/3/sklearn_00691_3.png,sklearn.load_digits,Real handwritten digit dataset bundled with scikit-learn
sklearn_00692,5,data/raw_digits/5/sklearn_00692_5.png,sklearn.load_digits,Real handwritten digit dataset bundled with scikit-learn
sklearn_00693,1,data/raw_digits/1/sklearn_00693_1.png,sklearn.load_digits,Real handwritten digit dataset bundled with scikit-learn
sklearn_00694,0,data/raw_digits/0/sklearn_00694_0.png,sklearn.load_digits,Real handwritten digit dataset bundled with scikit-learn
sklearn_00695,0,data/raw_digits/0/sklearn_00695_0.png,sklearn.load_digits,Real handwritten digit dataset bundled with scikit-learn
sklearn_00696,2,data/raw_digits/2/sklearn_00696_2.png,sklearn.load_digits,Real handwritten digit dataset bundled with scikit-learn
sklearn_00697,2,data/raw_digits/2/sklearn_00697_2.png,sklearn.load_digits,Real handwritten digit dataset bundled with scikit-learn
sklearn_00698,7,data/raw_digits/7/sklearn_00698_7.png,sklearn.load_digits,Real handwritten digit dataset bundled with scikit-learn
sklearn_00699,8,data/raw_digits/8/sklearn_00699_8.png,sklearn.load_digits,Real handwritten digit dataset bundled with scikit-learn
sklearn_00700,2,data/raw_digits/2/sklearn_00700_2.png,sklearn.load_digits,Real handwritten digit dataset bundled with scikit-learn
sklearn_00701,0,data/raw_digits/0/sklearn_00701_0.png,sklearn.load_digits,Real handwritten digit dataset bundled with scikit-learn
sklearn_00702,1,data/raw_digits/1/sklearn_00702_1.png,sklearn.load_digits,Real handwritten digit dataset bundled with scikit-learn
sklearn_00703,2,data/raw_digits/2/sklearn_00703_2.png,sklearn.load_digits,Real handwritten digit dataset bundled with scikit-learn
sklearn_00704,6,data/raw_digits/6/sklearn_00704_6.png,sklearn.load_digits,Real handwritten digit dataset bundled with scikit-learn
sklearn_00705,3,data/raw_digits/3/sklearn_00705_3.png,sklearn.load_digits,Real handwritten digit dataset bundled with scikit-learn
sklearn_00706,3,data/raw_digits/3/sklearn_00706_3.png,sklearn.load_digits,Real handwritten digit dataset bundled with scikit-learn
sklearn_00707,7,data/raw_digits/7/sklearn_00707_7.png,sklearn.load_digits,Real handwritten digit dataset bundled with scikit-learn
sklearn_00708,3,data/raw_digits/3/sklearn_00708_3.png,sklearn.load_digits,Real handwritten digit dataset bundled with scikit-learn
sklearn_00709,3,data/raw_digits/3/sklearn_00709_3.png,sklearn.load_digits,Real handwritten digit dataset bundled with scikit-learn
sklearn_00710,4,data/raw_digits/4/sklearn_00710_4.png,sklearn.load_digits,Real handwritten digit dataset bundled with scikit-learn
sklearn_00711,6,data/raw_digits/6/sklearn_00711_6.png,sklearn.load_digits,Real handwritten digit dataset bundled with scikit-learn
sklearn_00712,6,data/raw_digits/6/sklearn_00712_6.png,sklearn.load_digits,Real handwritten digit dataset bundled with scikit-learn
sklearn_00713,6,data/raw_digits/6/sklearn_00713_6.png,sklearn.load_digits,Real handwritten digit dataset bundled with scikit-learn
sklearn_00714,4,data/raw_digits/4/sklearn_00714_4.png,sklearn.load_digits,Real handwritten digit dataset bundled with scikit-learn
sklearn_00715,9,data/raw_digits/9/sklearn_00715_9.png,sklearn.load_digits,Real handwritten digit dataset bundled with scikit-learn
sklearn_00716,1,data/raw_digits/1/sklearn_00716_1.png,sklearn.load_digits,Real handwritten digit dataset bundled with scikit-learn
sklearn_00717,5,data/raw_digits/5/sklearn_00717_5.png,sklearn.load_digits,Real handwritten digit dataset bundled with scikit-learn
sklearn_00718,0,data/raw_digits/0/sklearn_00718_0.png,sklearn.load_digits,Real handwritten digit dataset bundled with scikit-learn
sklearn_00719,9,data/raw_digits/9/sklearn_00719_9.png,sklearn.load_digits,Real handwritten digit dataset bundled with scikit-learn
sklearn_00720,5,data/raw_digits/5/sklearn_00720_5.png,sklearn.load_digits,Real handwritten digit dataset bundled with scikit-learn
sklearn_00721,2,data/raw_digits/2/sklearn_00721_2.png,sklearn.load_digits,Real handwritten digit dataset bundled with scikit-learn
sklearn_00722,8,data/raw_digits/8/sklearn_00722_8.png,sklearn.load_digits,Real handwritten digit dataset bundled with scikit-learn
sklearn_00723,2,data/raw_digits/2/sklearn_00723_2.png,sklearn.load_digits,Real handwritten digit dataset bundled with scikit-learn
sklearn_00724,0,data/raw_digits/0/sklearn_00724_0.png,sklearn.load_digits,Real handwritten digit dataset bundled with scikit-learn
sklearn_00725,0,data/raw_digits/0/sklearn_00725_0.png,sklearn.load_digits,Real handwritten digit dataset bundled with scikit-learn
sklearn_00726,1,data/raw_digits/1/sklearn_00726_1.png,sklearn.load_digits,Real handwritten digit dataset bundled with scikit-learn
sklearn_00727,7,data/raw_digits/7/sklearn_00727_7.png,sklearn.load_digits,Real handwritten digit dataset bundled with scikit-learn
sklearn_00728,6,data/raw_digits/6/sklearn_00728_6.png,sklearn.load_digits,Real handwritten digit dataset bundled with scikit-learn
sklearn_00729,3,data/raw_digits/3/sklearn_00729_3.png,sklearn.load_digits,Real handwritten digit dataset bundled with scikit-learn
sklearn_00730,2,data/raw_digits/2/sklearn_00730_2.png,sklearn.load_digits,Real handwritten digit dataset bundled with scikit-learn
sklearn_00731,1,data/raw_digits/1/sklearn_00731_1.png,sklearn.load_digits,Real handwritten digit dataset bundled with scikit-learn
sklearn_00732,7,data/raw_digits/7/sklearn_00732_7.png,sklearn.load_digits,Real handwritten digit dataset bundled with scikit-learn
sklearn_00733,4,data/raw_digits/4/sklearn_00733_4.png,sklearn.load_digits,Real handwritten digit dataset bundled with scikit-learn
sklearn_00734,6,data/raw_digits/6/sklearn_00734_6.png,sklearn.load_digits,Real handwritten digit dataset bundled with scikit-learn
sklearn_00735,3,data/raw_digits/3/sklearn_00735_3.png,sklearn.load_digits,Real handwritten digit dataset bundled with scikit-learn
sklearn_00736,1,data/raw_digits/1/sklearn_00736_1.png,sklearn.load_digits,Real handwritten digit dataset bundled with scikit-learn
sklearn_00737,3,data/raw_digits/3/sklearn_00737_3.png,sklearn.load_digits,Real handwritten digit dataset bundled with scikit-learn
sklearn_00738,9,data/raw_digits/9/sklearn_00738_9.png,sklearn.load_digits,Real handwritten digit dataset bundled with scikit-learn
sklearn_00739,1,data/raw_digits/1/sklearn_00739_1.png,sklearn.load_digits,Real handwritten digit dataset bundled with scikit-learn
sklearn_00740,7,data/raw_digits/7/sklearn_00740_7.png,sklearn.load_digits,Real handwritten digit dataset bundled with scikit-learn
sklearn_00741,6,data/raw_digits/6/sklearn_00741_6.png,sklearn.load_digits,Real handwritten digit dataset bundled with scikit-learn
sklearn_00742,8,data/raw_digits/8/sklearn_00742_8.png,sklearn.load_digits,Real handwritten digit dataset bundled with scikit-learn
sklearn_00743,4,data/raw_digits/4/sklearn_00743_4.png,sklearn.load_digits,Real handwritten digit dataset bundled with scikit-learn
sklearn_00744,3,data/raw_digits/3/sklearn_00744_3.png,sklearn.load_digits,Real handwritten digit dataset bundled with scikit-learn
sklearn_00745,1,data/raw_digits/1/sklearn_00745_1.png,sklearn.load_digits,Real handwritten digit dataset bundled with scikit-learn
sklearn_00746,4,data/raw_digits/4/sklearn_00746_4.png,sklearn.load_digits,Real handwritten digit dataset bundled with scikit-learn
sklearn_00747,0,data/raw_digits/0/sklearn_00747_0.png,sklearn.load_digits,Real handwritten digit dataset bundled with scikit-learn
sklearn_00748,5,data/raw_digits/5/sklearn_00748_5.png,sklearn.load_digits,Real handwritten digit dataset bundled with scikit-learn
sklearn_00749,3,data/raw_digits/3/sklearn_00749_3.png,sklearn.load_digits,Real handwritten digit dataset bundled with scikit-learn
sklearn_00750,6,data/raw_digits/6/sklearn_00750_6.png,sklearn.load_digits,Real handwritten digit dataset bundled with scikit-learn
sklearn_00751,9,data/raw_digits/9/sklearn_00751_9.png,sklearn.load_digits,Real handwritten digit dataset bundled with scikit-learn
sklearn_00752,6,data/raw_digits/6/sklearn_00752_6.png,sklearn.load_digits,Real handwritten digit dataset bundled with scikit-learn
sklearn_00753,1,data/raw_digits/1/sklearn_00753_1.png,sklearn.load_digits,Real handwritten digit dataset bundled with scikit-learn
sklearn_00754,7,data/raw_digits/7/sklearn_00754_7.png,sklearn.load_digits,Real handwritten digit dataset bundled with scikit-learn
sklearn_00755,5,data/raw_digits/5/sklearn_00755_5.png,sklearn.load_digits,Real handwritten digit dataset bundled with scikit-learn
sklearn_00756,4,data/raw_digits/4/sklearn_00756_4.png,sklearn.load_digits,Real handwritten digit dataset bundled with scikit-learn
sklearn_00757,4,data/raw_digits/4/sklearn_00757_4.png,sklearn.load_digits,Real handwritten digit dataset bundled with scikit-learn
sklearn_00758,7,data/raw_digits/7/sklearn_00758_7.png,sklearn.load_digits,Real handwritten digit dataset bundled with scikit-learn
sklearn_00759,2,data/raw_digits/2/sklearn_00759_2.png,sklearn.load_digits,Real handwritten digit dataset bundled with scikit-learn
sklearn_00760,8,data/raw_digits/8/sklearn_00760_8.png,sklearn.load_digits,Real handwritten digit dataset bundled with scikit-learn
sklearn_00761,2,data/raw_digits/2/sklearn_00761_2.png,sklearn.load_digits,Real handwritten digit dataset bundled with scikit-learn
sklearn_00762,2,data/raw_digits/2/sklearn_00762_2.png,sklearn.load_digits,Real handwritten digit dataset bundled with scikit-learn
sklearn_00763,5,data/raw_digits/5/sklearn_00763_5.png,sklearn.load_digits,Real handwritten digit dataset bundled with scikit-learn
sklearn_00764,7,data/raw_digits/7/sklearn_00764_7.png,sklearn.load_digits,Real handwritten digit dataset bundled with scikit-learn
sklearn_00765,9,data/raw_digits/9/sklearn_00765_9.png,sklearn.load_digits,Real handwritten digit dataset bundled with scikit-learn
sklearn_00766,5,data/raw_digits/5/sklearn_00766_5.png,sklearn.load_digits,Real handwritten digit dataset bundled with scikit-learn
sklearn_00767,4,data/raw_digits/4/sklearn_00767_4.png,sklearn.load_digits,Real handwritten digit dataset bundled with scikit-learn
sklearn_00768,8,data/raw_digits/8/sklearn_00768_8.png,sklearn.load_digits,Real handwritten digit dataset bundled with scikit-learn
sklearn_00769,8,data/raw_digits/8/sklearn_00769_8.png,sklearn.load_digits,Real handwritten digit dataset bundled with scikit-learn
sklearn_00770,4,data/raw_digits/4/sklearn_00770_4.png,sklearn.load_digits,Real handwritten digit dataset bundled with scikit-learn
sklearn_00771,9,data/raw_digits/9/sklearn_00771_9.png,sklearn.load_digits,Real handwritten digit dataset bundled with scikit-learn
sklearn_00772,0,data/raw_digits/0/sklearn_00772_0.png,sklearn.load_digits,Real handwritten digit dataset bundled with scikit-learn
sklearn_00773,8,data/raw_digits/8/sklearn_00773_8.png,sklearn.load_digits,Real handwritten digit dataset bundled with scikit-learn
sklearn_00774,9,data/raw_digits/9/sklearn_00774_9.png,sklearn.load_digits,Real handwritten digit dataset bundled with scikit-learn
sklearn_00775,8,data/raw_digits/8/sklearn_00775_8.png,sklearn.load_digits,Real handwritten digit dataset bundled with scikit-learn
sklearn_00776,0,data/raw_digits/0/sklearn_00776_0.png,sklearn.load_digits,Real handwritten digit dataset bundled with scikit-learn
sklearn_00777,1,data/raw_digits/1/sklearn_00777_1.png,sklearn.load_digits,Real handwritten digit dataset bundled with scikit-learn
sklearn_00778,2,data/raw_digits/2/sklearn_00778_2.png,sklearn.load_digits,Real handwritten digit dataset bundled with scikit-learn
sklearn_00779,3,data/raw_digits/3/sklearn_00779_3.png,sklearn.load_digits,Real handwritten digit dataset bundled with scikit-learn
sklearn_00780,4,data/raw_digits/4/sklearn_00780_4.png,sklearn.load_digits,Real handwritten digit dataset bundled with scikit-learn
sklearn_00781,5,data/raw_digits/5/sklearn_00781_5.png,sklearn.load_digits,Real handwritten digit dataset bundled with scikit-learn
sklearn_00782,6,data/raw_digits/6/sklearn_00782_6.png,sklearn.load_digits,Real handwritten digit dataset bundled with scikit-learn
sklearn_00783,7,data/raw_digits/7/sklearn_00783_7.png,sklearn.load_digits,Real handwritten digit dataset bundled with scikit-learn
sklearn_00784,8,data/raw_digits/8/sklearn_00784_8.png,sklearn.load_digits,Real handwritten digit dataset bundled with scikit-learn
sklearn_00785,9,data/raw_digits/9/sklearn_00785_9.png,sklearn.load_digits,Real handwritten digit dataset bundled with scikit-learn
sklearn_00786,0,data/raw_digits/0/sklearn_00786_0.png,sklearn.load_digits,Real handwritten digit dataset bundled with scikit-learn
sklearn_00787,1,data/raw_digits/1/sklearn_00787_1.png,sklearn.load_digits,Real handwritten digit dataset bundled with scikit-learn
sklearn_00788,2,data/raw_digits/2/sklearn_00788_2.png,sklearn.load_digits,Real handwritten digit dataset bundled with scikit-learn
sklearn_00789,3,data/raw_digits/3/sklearn_00789_3.png,sklearn.load_digits,Real handwritten digit dataset bundled with scikit-learn
sklearn_00790,4,data/raw_digits/4/sklearn_00790_4.png,sklearn.load_digits,Real handwritten digit dataset bundled with scikit-learn
sklearn_00791,5,data/raw_digits/5/sklearn_00791_5.png,sklearn.load_digits,Real handwritten digit dataset bundled with scikit-learn
sklearn_00792,6,data/raw_digits/6/sklearn_00792_6.png,sklearn.load_digits,Real handwritten digit dataset bundled with scikit-learn
sklearn_00793,7,data/raw_digits/7/sklearn_00793_7.png,sklearn.load_digits,Real handwritten digit dataset bundled with scikit-learn
sklearn_00794,8,data/raw_digits/8/sklearn_00794_8.png,sklearn.load_digits,Real handwritten digit dataset bundled with scikit-learn
sklearn_00795,9,data/raw_digits/9/sklearn_00795_9.png,sklearn.load_digits,Real handwritten digit dataset bundled with scikit-learn
sklearn_00796,0,data/raw_digits/0/sklearn_00796_0.png,sklearn.load_digits,Real handwritten digit dataset bundled with scikit-learn
sklearn_00797,1,data/raw_digits/1/sklearn_00797_1.png,sklearn.load_digits,Real handwritten digit dataset bundled with scikit-learn
sklearn_00798,2,data/raw_digits/2/sklearn_00798_2.png,sklearn.load_digits,Real handwritten digit dataset bundled with scikit-learn
sklearn_00799,3,data/raw_digits/3/sklearn_00799_3.png,sklearn.load_digits,Real handwritten digit dataset bundled with scikit-learn
sklearn_00800,4,data/raw_digits/4/sklearn_00800_4.png,sklearn.load_digits,Real handwritten digit dataset bundled with scikit-learn
sklearn_00801,5,data/raw_digits/5/sklearn_00801_5.png,sklearn.load_digits,Real handwritten digit dataset bundled with scikit-learn
sklearn_00802,6,data/raw_digits/6/sklearn_00802_6.png,sklearn.load_digits,Real handwritten digit dataset bundled with scikit-learn
sklearn_00803,7,data/raw_digits/7/sklearn_00803_7.png,sklearn.load_digits,Real handwritten digit dataset bundled with scikit-learn
sklearn_00804,8,data/raw_digits/8/sklearn_00804_8.png,sklearn.load_digits,Real handwritten digit dataset bundled with scikit-learn
sklearn_00805,9,data/raw_digits/9/sklearn_00805_9.png,sklearn.load_digits,Real handwritten digit dataset bundled with scikit-learn
sklearn_00806,0,data/raw_digits/0/sklearn_00806_0.png,sklearn.load_digits,Real handwritten digit dataset bundled with scikit-learn
sklearn_00807,9,data/raw_digits/9/sklearn_00807_9.png,sklearn.load_digits,Real handwritten digit dataset bundled with scikit-learn
sklearn_00808,5,data/raw_digits/5/sklearn_00808_5.png,sklearn.load_digits,Real handwritten digit dataset bundled with scikit-learn
sklearn_00809,5,data/raw_digits/5/sklearn_00809_5.png,sklearn.load_digits,Real handwritten digit dataset bundled with scikit-learn
sklearn_00810,6,data/raw_digits/6/sklearn_00810_6.png,sklearn.load_digits,Real handwritten digit dataset bundled with scikit-learn
sklearn_00811,5,data/raw_digits/5/sklearn_00811_5.png,sklearn.load_digits,Real handwritten digit dataset bundled with scikit-learn
sklearn_00812,0,data/raw_digits/0/sklearn_00812_0.png,sklearn.load_digits,Real handwritten digit dataset bundled with scikit-learn
sklearn_00813,9,data/raw_digits/9/sklearn_00813_9.png,sklearn.load_digits,Real handwritten digit dataset bundled with scikit-learn
sklearn_00814,8,data/raw_digits/8/sklearn_00814_8.png,sklearn.load_digits,Real handwritten digit dataset bundled with scikit-learn
sklearn_00815,9,data/raw_digits/9/sklearn_00815_9.png,sklearn.load_digits,Real handwritten digit dataset bundled with scikit-learn
sklearn_00816,8,data/raw_digits/8/sklearn_00816_8.png,sklearn.load_digits,Real handwritten digit dataset bundled with scikit-learn
sklearn_00817,4,data/raw_digits/4/sklearn_00817_4.png,sklearn.load_digits,Real handwritten digit dataset bundled with scikit-learn
sklearn_00818,1,data/raw_digits/1/sklearn_00818_1.png,sklearn.load_digits,Real handwritten digit dataset bundled with scikit-learn
sklearn_00819,7,data/raw_digits/7/sklearn_00819_7.png,sklearn.load_digits,Real handwritten digit dataset bundled with scikit-learn
sklearn_00820,7,data/raw_digits/7/sklearn_00820_7.png,sklearn.load_digits,Real handwritten digit dataset bundled with scikit-learn
sklearn_00821,3,data/raw_digits/3/sklearn_00821_3.png,sklearn.load_digits,Real handwritten digit dataset bundled with scikit-learn
sklearn_00822,5,data/raw_digits/5/sklearn_00822_5.png,sklearn.load_digits,Real handwritten digit dataset bundled with scikit-learn
sklearn_00823,1,data/raw_digits/1/sklearn_00823_1.png,sklearn.load_digits,Real handwritten digit dataset bundled with scikit-learn
sklearn_00824,0,data/raw_digits/0/sklearn_00824_0.png,sklearn.load_digits,Real handwritten digit dataset bundled with scikit-learn
sklearn_00825,0,data/raw_digits/0/sklearn_00825_0.png,sklearn.load_digits,Real handwritten digit dataset bundled with scikit-learn
sklearn_00826,2,data/raw_digits/2/sklearn_00826_2.png,sklearn.load_digits,Real handwritten digit dataset bundled with scikit-learn
sklearn_00827,2,data/raw_digits/2/sklearn_00827_2.png,sklearn.load_digits,Real handwritten digit dataset bundled with scikit-learn
sklearn_00828,7,data/raw_digits/7/sklearn_00828_7.png,sklearn.load_digits,Real handwritten digit dataset bundled with scikit-learn
sklearn_00829,8,data/raw_digits/8/sklearn_00829_8.png,sklearn.load_digits,Real handwritten digit dataset bundled with scikit-learn
sklearn_00830,2,data/raw_digits/2/sklearn_00830_2.png,sklearn.load_digits,Real handwritten digit dataset bundled with scikit-learn
sklearn_00831,0,data/raw_digits/0/sklearn_00831_0.png,sklearn.load_digits,Real handwritten digit dataset bundled with scikit-learn
sklearn_00832,1,data/raw_digits/1/sklearn_00832_1.png,sklearn.load_digits,Real handwritten digit dataset bundled with scikit-learn
sklearn_00833,2,data/raw_digits/2/sklearn_00833_2.png,sklearn.load_digits,Real handwritten digit dataset bundled with scikit-learn
sklearn_00834,6,data/raw_digits/6/sklearn_00834_6.png,sklearn.load_digits,Real handwritten digit dataset bundled with scikit-learn
sklearn_00835,3,data/raw_digits/3/sklearn_00835_3.png,sklearn.load_digits,Real handwritten digit dataset bundled with scikit-learn
sklearn_00836,3,data/raw_digits/3/sklearn_00836_3.png,sklearn.load_digits,Real handwritten digit dataset bundled with scikit-learn
sklearn_00837,7,data/raw_digits/7/sklearn_00837_7.png,sklearn.load_digits,Real handwritten digit dataset bundled with scikit-learn
sklearn_00838,3,data/raw_digits/3/sklearn_00838_3.png,sklearn.load_digits,Real handwritten digit dataset bundled with scikit-learn
sklearn_00839,3,data/raw_digits/3/sklearn_00839_3.png,sklearn.load_digits,Real handwritten digit dataset bundled with scikit-learn
sklearn_00840,4,data/raw_digits/4/sklearn_00840_4.png,sklearn.load_digits,Real handwritten digit dataset bundled with scikit-learn
sklearn_00841,6,data/raw_digits/6/sklearn_00841_6.png,sklearn.load_digits,Real handwritten digit dataset bundled with scikit-learn
sklearn_00842,6,data/raw_digits/6/sklearn_00842_6.png,sklearn.load_digits,Real handwritten digit dataset bundled with scikit-learn
sklearn_00843,6,data/raw_digits/6/sklearn_00843_6.png,sklearn.load_digits,Real handwritten digit dataset bundled with scikit-learn
sklearn_00844,4,data/raw_digits/4/sklearn_00844_4.png,sklearn.load_digits,Real handwritten digit dataset bundled with scikit-learn
sklearn_00845,9,data/raw_digits/9/sklearn_00845_9.png,sklearn.load_digits,Real handwritten digit dataset bundled with scikit-learn
sklearn_00846,1,data/raw_digits/1/sklearn_00846_1.png,sklearn.load_digits,Real handwritten digit dataset bundled with scikit-learn
sklearn_00847,5,data/raw_digits/5/sklearn_00847_5.png,sklearn.load_digits,Real handwritten digit dataset bundled with scikit-learn
sklearn_00848,0,data/raw_digits/0/sklearn_00848_0.png,sklearn.load_digits,Real handwritten digit dataset bundled with scikit-learn
sklearn_00849,9,data/raw_digits/9/sklearn_00849_9.png,sklearn.load_digits,Real handwritten digit dataset bundled with scikit-learn
sklearn_00850,5,data/raw_digits/5/sklearn_00850_5.png,sklearn.load_digits,Real handwritten digit dataset bundled with scikit-learn
sklearn_00851,2,data/raw_digits/2/sklearn_00851_2.png,sklearn.load_digits,Real handwritten digit dataset bundled with scikit-learn
sklearn_00852,8,data/raw_digits/8/sklearn_00852_8.png,sklearn.load_digits,Real handwritten digit dataset bundled with scikit-learn
sklearn_00853,2,data/raw_digits/2/sklearn_00853_2.png,sklearn.load_digits,Real handwritten digit dataset bundled with scikit-learn
sklearn_00854,0,data/raw_digits/0/sklearn_00854_0.png,sklearn.load_digits,Real handwritten digit dataset bundled with scikit-learn
sklearn_00855,0,data/raw_digits/0/sklearn_00855_0.png,sklearn.load_digits,Real handwritten digit dataset bundled with scikit-learn
sklearn_00856,1,data/raw_digits/1/sklearn_00856_1.png,sklearn.load_digits,Real handwritten digit dataset bundled with scikit-learn
sklearn_00857,7,data/raw_digits/7/sklearn_00857_7.png,sklearn.load_digits,Real handwritten digit dataset bundled with scikit-learn
sklearn_00858,6,data/raw_digits/6/sklearn_00858_6.png,sklearn.load_digits,Real handwritten digit dataset bundled with scikit-learn
sklearn_00859,3,data/raw_digits/3/sklearn_00859_3.png,sklearn.load_digits,Real handwritten digit dataset bundled with scikit-learn
sklearn_00860,2,data/raw_digits/2/sklearn_00860_2.png,sklearn.load_digits,Real handwritten digit dataset bundled with scikit-learn
sklearn_00861,1,data/raw_digits/1/sklearn_00861_1.png,sklearn.load_digits,Real handwritten digit dataset bundled with scikit-learn
sklearn_00862,7,data/raw_digits/7/sklearn_00862_7.png,sklearn.load_digits,Real handwritten digit dataset bundled with scikit-learn
sklearn_00863,4,data/raw_digits/4/sklearn_00863_4.png,sklearn.load_digits,Real handwritten digit dataset bundled with scikit-learn
sklearn_00864,6,data/raw_digits/6/sklearn_00864_6.png,sklearn.load_digits,Real handwritten digit dataset bundled with scikit-learn
sklearn_00865,3,data/raw_digits/3/sklearn_00865_3.png,sklearn.load_digits,Real handwritten digit dataset bundled with scikit-learn
sklearn_00866,1,data/raw_digits/1/sklearn_00866_1.png,sklearn.load_digits,Real handwritten digit dataset bundled with scikit-learn
sklearn_00867,3,data/raw_digits/3/sklearn_00867_3.png,sklearn.load_digits,Real handwritten digit dataset bundled with scikit-learn
sklearn_00868,9,data/raw_digits/9/sklearn_00868_9.png,sklearn.load_digits,Real handwritten digit dataset bundled with scikit-learn
sklearn_00869,1,data/raw_digits/1/sklearn_00869_1.png,sklearn.load_digits,Real handwritten digit dataset bundled with scikit-learn
sklearn_00870,7,data/raw_digits/7/sklearn_00870_7.png,sklearn.load_digits,Real handwritten digit dataset bundled with scikit-learn
sklearn_00871,6,data/raw_digits/6/sklearn_00871_6.png,sklearn.load_digits,Real handwritten digit dataset bundled with scikit-learn
sklearn_00872,8,data/raw_digits/8/sklearn_00872_8.png,sklearn.load_digits,Real handwritten digit dataset bundled with scikit-learn
sklearn_00873,4,data/raw_digits/4/sklearn_00873_4.png,sklearn.load_digits,Real handwritten digit dataset bundled with scikit-learn
sklearn_00874,3,data/raw_digits/3/sklearn_00874_3.png,sklearn.load_digits,Real handwritten digit dataset bundled with scikit-learn
sklearn_00875,1,data/raw_digits/1/sklearn_00875_1.png,sklearn.load_digits,Real handwritten digit dataset bundled with scikit-learn
sklearn_00876,4,data/raw_digits/4/sklearn_00876_4.png,sklearn.load_digits,Real handwritten digit dataset bundled with scikit-learn
sklearn_00877,0,data/raw_digits/0/sklearn_00877_0.png,sklearn.load_digits,Real handwritten digit dataset bundled with scikit-learn
sklearn_00878,5,data/raw_digits/5/sklearn_00878_5.png,sklearn.load_digits,Real handwritten digit dataset bundled with scikit-learn
sklearn_00879,3,data/raw_digits/3/sklearn_00879_3.png,sklearn.load_digits,Real handwritten digit dataset bundled with scikit-learn
sklearn_00880,6,data/raw_digits/6/sklearn_00880_6.png,sklearn.load_digits,Real handwritten digit dataset bundled with scikit-learn
sklearn_00881,9,data/raw_digits/9/sklearn_00881_9.png,sklearn.load_digits,Real handwritten digit dataset bundled with scikit-learn
sklearn_00882,6,data/raw_digits/6/sklearn_00882_6.png,sklearn.load_digits,Real handwritten digit dataset bundled with scikit-learn
sklearn_00883,1,data/raw_digits/1/sklearn_00883_1.png,sklearn.load_digits,Real handwritten digit dataset bundled with scikit-learn
sklearn_00884,7,data/raw_digits/7/sklearn_00884_7.png,sklearn.load_digits,Real handwritten digit dataset bundled with scikit-learn
sklearn_00885,5,data/raw_digits/5/sklearn_00885_5.png,sklearn.load_digits,Real handwritten digit dataset bundled with scikit-learn
sklearn_00886,4,data/raw_digits/4/sklearn_00886_4.png,sklearn.load_digits,Real handwritten digit dataset bundled with scikit-learn
sklearn_00887,4,data/raw_digits/4/sklearn_00887_4.png,sklearn.load_digits,Real handwritten digit dataset bundled with scikit-learn
sklearn_00888,7,data/raw_digits/7/sklearn_00888_7.png,sklearn.load_digits,Real handwritten digit dataset bundled with scikit-learn
sklearn_00889,2,data/raw_digits/2/sklearn_00889_2.png,sklearn.load_digits,Real handwritten digit dataset bundled with scikit-learn
sklearn_00890,8,data/raw_digits/8/sklearn_00890_8.png,sklearn.load_digits,Real handwritten digit dataset bundled with scikit-learn
sklearn_00891,2,data/raw_digits/2/sklearn_00891_2.png,sklearn.load_digits,Real handwritten digit dataset bundled with scikit-learn
sklearn_00892,2,data/raw_digits/2/sklearn_00892_2.png,sklearn.load_digits,Real handwritten digit dataset bundled with scikit-learn
sklearn_00893,5,data/raw_digits/5/sklearn_00893_5.png,sklearn.load_digits,Real handwritten digit dataset bundled with scikit-learn
sklearn_00894,7,data/raw_digits/7/sklearn_00894_7.png,sklearn.load_digits,Real handwritten digit dataset bundled with scikit-learn
sklearn_00895,9,data/raw_digits/9/sklearn_00895_9.png,sklearn.load_digits,Real handwritten digit dataset bundled with scikit-learn
sklearn_00896,5,data/raw_digits/5/sklearn_00896_5.png,sklearn.load_digits,Real handwritten digit dataset bundled with scikit-learn
sklearn_00897,4,data/raw_digits/4/sklearn_00897_4.png,sklearn.load_digits,Real handwritten digit dataset bundled with scikit-learn
sklearn_00898,8,data/raw_digits/8/sklearn_00898_8.png,sklearn.load_digits,Real handwritten digit dataset bundled with scikit-learn
sklearn_00899,8,data/raw_digits/8/sklearn_00899_8.png,sklearn.load_digits,Real handwritten digit dataset bundled with scikit-learn
sklearn_00900,4,data/raw_digits/4/sklearn_00900_4.png,sklearn.load_digits,Real handwritten digit dataset bundled with scikit-learn
sklearn_00901,9,data/raw_digits/9/sklearn_00901_9.png,sklearn.load_digits,Real handwritten digit dataset bundled with scikit-learn
sklearn_00902,0,data/raw_digits/0/sklearn_00902_0.png,sklearn.load_digits,Real handwritten digit dataset bundled with scikit-learn
sklearn_00903,8,data/raw_digits/8/sklearn_00903_8.png,sklearn.load_digits,Real handwritten digit dataset bundled with scikit-learn
sklearn_00904,9,data/raw_digits/9/sklearn_00904_9.png,sklearn.load_digits,Real handwritten digit dataset bundled with scikit-learn
sklearn_00905,8,data/raw_digits/8/sklearn_00905_8.png,sklearn.load_digits,Real handwritten digit dataset bundled with scikit-learn
sklearn_00906,1,data/raw_digits/1/sklearn_00906_1.png,sklearn.load_digits,Real handwritten digit dataset bundled with scikit-learn
sklearn_00907,2,data/raw_digits/2/sklearn_00907_2.png,sklearn.load_digits,Real handwritten digit dataset bundled with scikit-learn
sklearn_00908,3,data/raw_digits/3/sklearn_00908_3.png,sklearn.load_digits,Real handwritten digit dataset bundled with scikit-learn
sklearn_00909,4,data/raw_digits/4/sklearn_00909_4.png,sklearn.load_digits,Real handwritten digit dataset bundled with scikit-learn
sklearn_00910,5,data/raw_digits/5/sklearn_00910_5.png,sklearn.load_digits,Real handwritten digit dataset bundled with scikit-learn
sklearn_00911,6,data/raw_digits/6/sklearn_00911_6.png,sklearn.load_digits,Real handwritten digit dataset bundled with scikit-learn
sklearn_00912,7,data/raw_digits/7/sklearn_00912_7.png,sklearn.load_digits,Real handwritten digit dataset bundled with scikit-learn
sklearn_00913,8,data/raw_digits/8/sklearn_00913_8.png,sklearn.load_digits,Real handwritten digit dataset bundled with scikit-learn
sklearn_00914,9,data/raw_digits/9/sklearn_00914_9.png,sklearn.load_digits,Real handwritten digit dataset bundled with scikit-learn
sklearn_00915,0,data/raw_digits/0/sklearn_00915_0.png,sklearn.load_digits,Real handwritten digit dataset bundled with scikit-learn
sklearn_00916,1,data/raw_digits/1/sklearn_00916_1.png,sklearn.load_digits,Real handwritten digit dataset bundled with scikit-learn
sklearn_00917,2,data/raw_digits/2/sklearn_00917_2.png,sklearn.load_digits,Real handwritten digit dataset bundled with scikit-learn
sklearn_00918,3,data/raw_digits/3/sklearn_00918_3.png,sklearn.load_digits,Real handwritten digit dataset bundled with scikit-learn
sklearn_00919,4,data/raw_digits/4/sklearn_00919_4.png,sklearn.load_digits,Real handwritten digit dataset bundled with scikit-learn
sklearn_00920,5,data/raw_digits/5/sklearn_00920_5.png,sklearn.load_digits,Real handwritten digit dataset bundled with scikit-learn
sklearn_00921,6,data/raw_digits/6/sklearn_00921_6.png,sklearn.load_digits,Real handwritten digit dataset bundled with scikit-learn
sklearn_00922,7,data/raw_digits/7/sklearn_00922_7.png,sklearn.load_digits,Real handwritten digit dataset bundled with scikit-learn
sklearn_00923,8,data/raw_digits/8/sklearn_00923_8.png,sklearn.load_digits,Real handwritten digit dataset bundled with scikit-learn
sklearn_00924,9,data/raw_digits/9/sklearn_00924_9.png,sklearn.load_digits,Real handwritten digit dataset bundled with scikit-learn
sklearn_00925,0,data/raw_digits/0/sklearn_00925_0.png,sklearn.load_digits,Real handwritten digit dataset bundled with scikit-learn
sklearn_00926,1,data/raw_digits/1/sklearn_00926_1.png,sklearn.load_digits,Real handwritten digit dataset bundled with scikit-learn
sklearn_00927,2,data/raw_digits/2/sklearn_00927_2.png,sklearn.load_digits,Real handwritten digit dataset bundled with scikit-learn
sklearn_00928,3,data/raw_digits/3/sklearn_00928_3.png,sklearn.load_digits,Real handwritten digit dataset bundled with scikit-learn
sklearn_00929,4,data/raw_digits/4/sklearn_00929_4.png,sklearn.load_digits,Real handwritten digit dataset bundled with scikit-learn
sklearn_00930,5,data/raw_digits/5/sklearn_00930_5.png,sklearn.load_digits,Real handwritten digit dataset bundled with scikit-learn
sklearn_00931,6,data/raw_digits/6/sklearn_00931_6.png,sklearn.load_digits,Real handwritten digit dataset bundled with scikit-learn
sklearn_00932,7,data/raw_digits/7/sklearn_00932_7.png,sklearn.load_digits,Real handwritten digit dataset bundled with scikit-learn
sklearn_00933,8,data/raw_digits/8/sklearn_00933_8.png,sklearn.load_digits,Real handwritten digit dataset bundled with scikit-learn
sklearn_00934,9,data/raw_digits/9/sklearn_00934_9.png,sklearn.load_digits,Real handwritten digit dataset bundled with scikit-learn
sklearn_00935,0,data/raw_digits/0/sklearn_00935_0.png,sklearn.load_digits,Real handwritten digit dataset bundled with scikit-learn
sklearn_00936,9,data/raw_digits/9/sklearn_00936_9.png,sklearn.load_digits,Real handwritten digit dataset bundled with scikit-learn
sklearn_00937,5,data/raw_digits/5/sklearn_00937_5.png,sklearn.load_digits,Real handwritten digit dataset bundled with scikit-learn
sklearn_00938,5,data/raw_digits/5/sklearn_00938_5.png,sklearn.load_digits,Real handwritten digit dataset bundled with scikit-learn
sklearn_00939,6,data/raw_digits/6/sklearn_00939_6.png,sklearn.load_digits,Real handwritten digit dataset bundled with scikit-learn
sklearn_00940,5,data/raw_digits/5/sklearn_00940_5.png,sklearn.load_digits,Real handwritten digit dataset bundled with scikit-learn
sklearn_00941,0,data/raw_digits/0/sklearn_00941_0.png,sklearn.load_digits,Real handwritten digit dataset bundled with scikit-learn
sklearn_00942,9,data/raw_digits/9/sklearn_00942_9.png,sklearn.load_digits,Real handwritten digit dataset bundled with scikit-learn
sklearn_00943,8,data/raw_digits/8/sklearn_00943_8.png,sklearn.load_digits,Real handwritten digit dataset bundled with scikit-learn
sklearn_00944,9,data/raw_digits/9/sklearn_00944_9.png,sklearn.load_digits,Real handwritten digit dataset bundled with scikit-learn
sklearn_00945,8,data/raw_digits/8/sklearn_00945_8.png,sklearn.load_digits,Real handwritten digit dataset bundled with scikit-learn
sklearn_00946,4,data/raw_digits/4/sklearn_00946_4.png,sklearn.load_digits,Real handwritten digit dataset bundled with scikit-learn
sklearn_00947,1,data/raw_digits/1/sklearn_00947_1.png,sklearn.load_digits,Real handwritten digit dataset bundled with scikit-learn
sklearn_00948,7,data/raw_digits/7/sklearn_00948_7.png,sklearn.load_digits,Real handwritten digit dataset bundled with scikit-learn
sklearn_00949,7,data/raw_digits/7/sklearn_00949_7.png,sklearn.load_digits,Real handwritten digit dataset bundled with scikit-learn
sklearn_00950,3,data/raw_digits/3/sklearn_00950_3.png,sklearn.load_digits,Real handwritten digit dataset bundled with scikit-learn
sklearn_00951,5,data/raw_digits/5/sklearn_00951_5.png,sklearn.load_digits,Real handwritten digit dataset bundled with scikit-learn
sklearn_00952,1,data/raw_digits/1/sklearn_00952_1.png,sklearn.load_digits,Real handwritten digit dataset bundled with scikit-learn
sklearn_00953,2,data/raw_digits/2/sklearn_00953_2.png,sklearn.load_digits,Real handwritten digit dataset bundled with scikit-learn
sklearn_00954,7,data/raw_digits/7/sklearn_00954_7.png,sklearn.load_digits,Real handwritten digit dataset bundled with scikit-learn
sklearn_00955,8,data/raw_digits/8/sklearn_00955_8.png,sklearn.load_digits,Real handwritten digit dataset bundled with scikit-learn
sklearn_00956,2,data/raw_digits/2/sklearn_00956_2.png,sklearn.load_digits,Real handwritten digit dataset bundled with scikit-learn
sklearn_00957,0,data/raw_digits/0/sklearn_00957_0.png,sklearn.load_digits,Real handwritten digit dataset bundled with scikit-learn
sklearn_00958,1,data/raw_digits/1/sklearn_00958_1.png,sklearn.load_digits,Real handwritten digit dataset bundled with scikit-learn
sklearn_00959,2,data/raw_digits/2/sklearn_00959_2.png,sklearn.load_digits,Real handwritten digit dataset bundled with scikit-learn
sklearn_00960,6,data/raw_digits/6/sklearn_00960_6.png,sklearn.load_digits,Real handwritten digit dataset bundled with scikit-learn
sklearn_00961,3,data/raw_digits/3/sklearn_00961_3.png,sklearn.load_digits,Real handwritten digit dataset bundled with scikit-learn
sklearn_00962,3,data/raw_digits/3/sklearn_00962_3.png,sklearn.load_digits,Real handwritten digit dataset bundled with scikit-learn
sklearn_00963,7,data/raw_digits/7/sklearn_00963_7.png,sklearn.load_digits,Real handwritten digit dataset bundled with scikit-learn
sklearn_00964,3,data/raw_digits/3/sklearn_00964_3.png,sklearn.load_digits,Real handwritten digit dataset bundled with scikit-learn
sklearn_00965,3,data/raw_digits/3/sklearn_00965_3.png,sklearn.load_digits,Real handwritten digit dataset bundled with scikit-learn
sklearn_00966,4,data/raw_digits/4/sklearn_00966_4.png,sklearn.load_digits,Real handwritten digit dataset bundled with scikit-learn
sklearn_00967,6,data/raw_digits/6/sklearn_00967_6.png,sklearn.load_digits,Real handwritten digit dataset bundled with scikit-learn
sklearn_00968,6,data/raw_digits/6/sklearn_00968_6.png,sklearn.load_digits,Real handwritten digit dataset bundled with scikit-learn
sklearn_00969,6,data/raw_digits/6/sklearn_00969_6.png,sklearn.load_digits,Real handwritten digit dataset bundled with scikit-learn
sklearn_00970,4,data/raw_digits/4/sklearn_00970_4.png,sklearn.load_digits,Real handwritten digit dataset bundled with scikit-learn
sklearn_00971,9,data/raw_digits/9/sklearn_00971_9.png,sklearn.load_digits,Real handwritten digit dataset bundled with scikit-learn
sklearn_00972,1,data/raw_digits/1/sklearn_00972_1.png,sklearn.load_digits,Real handwritten digit dataset bundled with scikit-learn
sklearn_00973,5,data/raw_digits/5/sklearn_00973_5.png,sklearn.load_digits,Real handwritten digit dataset bundled with scikit-learn
sklearn_00974,0,data/raw_digits/0/sklearn_00974_0.png,sklearn.load_digits,Real handwritten digit dataset bundled with scikit-learn
sklearn_00975,9,data/raw_digits/9/sklearn_00975_9.png,sklearn.load_digits,Real handwritten digit dataset bundled with scikit-learn
sklearn_00976,5,data/raw_digits/5/sklearn_00976_5.png,sklearn.load_digits,Real handwritten digit dataset bundled with scikit-learn
sklearn_00977,2,data/raw_digits/2/sklearn_00977_2.png,sklearn.load_digits,Real handwritten digit dataset bundled with scikit-learn
sklearn_00978,8,data/raw_digits/8/sklearn_00978_8.png,sklearn.load_digits,Real handwritten digit dataset bundled with scikit-learn
sklearn_00979,2,data/raw_digits/2/sklearn_00979_2.png,sklearn.load_digits,Real handwritten digit dataset bundled with scikit-learn
sklearn_00980,0,data/raw_digits/0/sklearn_00980_0.png,sklearn.load_digits,Real handwritten digit dataset bundled with scikit-learn
sklearn_00981,0,data/raw_digits/0/sklearn_00981_0.png,sklearn.load_digits,Real handwritten digit dataset bundled with scikit-learn
sklearn_00982,1,data/raw_digits/1/sklearn_00982_1.png,sklearn.load_digits,Real handwritten digit dataset bundled with scikit-learn
sklearn_00983,7,data/raw_digits/7/sklearn_00983_7.png,sklearn.load_digits,Real handwritten digit dataset bundled with scikit-learn
sklearn_00984,6,data/raw_digits/6/sklearn_00984_6.png,sklearn.load_digits,Real handwritten digit dataset bundled with scikit-learn
sklearn_00985,3,data/raw_digits/3/sklearn_00985_3.png,sklearn.load_digits,Real handwritten digit dataset bundled with scikit-learn
sklearn_00986,2,data/raw_digits/2/sklearn_00986_2.png,sklearn.load_digits,Real handwritten digit dataset bundled with scikit-learn
sklearn_00987,1,data/raw_digits/1/sklearn_00987_1.png,sklearn.load_digits,Real handwritten digit dataset bundled with scikit-learn
sklearn_00988,4,data/raw_digits/4/sklearn_00988_4.png,sklearn.load_digits,Real handwritten digit dataset bundled with scikit-learn
sklearn_00989,6,data/raw_digits/6/sklearn_00989_6.png,sklearn.load_digits,Real handwritten digit dataset bundled with scikit-learn
sklearn_00990,3,data/raw_digits/3/sklearn_00990_3.png,sklearn.load_digits,Real handwritten digit dataset bundled with scikit-learn
sklearn_00991,1,data/raw_digits/1/sklearn_00991_1.png,sklearn.load_digits,Real handwritten digit dataset bundled with scikit-learn
sklearn_00992,3,data/raw_digits/3/sklearn_00992_3.png,sklearn.load_digits,Real handwritten digit dataset bundled with scikit-learn
sklearn_00993,9,data/raw_digits/9/sklearn_00993_9.png,sklearn.load_digits,Real handwritten digit dataset bundled with scikit-learn
sklearn_00994,1,data/raw_digits/1/sklearn_00994_1.png,sklearn.load_digits,Real handwritten digit dataset bundled with scikit-learn
sklearn_00995,7,data/raw_digits/7/sklearn_00995_7.png,sklearn.load_digits,Real handwritten digit dataset bundled with scikit-learn
sklearn_00996,6,data/raw_digits/6/sklearn_00996_6.png,sklearn.load_digits,Real handwritten digit dataset bundled with scikit-learn
sklearn_00997,8,data/raw_digits/8/sklearn_00997_8.png,sklearn.load_digits,Real handwritten digit dataset bundled with scikit-learn
sklearn_00998,4,data/raw_digits/4/sklearn_00998_4.png,sklearn.load_digits,Real handwritten digit dataset bundled with scikit-learn
sklearn_00999,3,data/raw_digits/3/sklearn_00999_3.png,sklearn.load_digits,Real handwritten digit dataset bundled with scikit-learn
sklearn_01000,1,data/raw_digits/1/sklearn_01000_1.png,sklearn.load_digits,Real handwritten digit dataset bundled with scikit-learn
sklearn_01001,4,data/raw_digits/4/sklearn_01001_4.png,sklearn.load_digits,Real handwritten digit dataset bundled with scikit-learn
sklearn_01002,0,data/raw_digits/0/sklearn_01002_0.png,sklearn.load_digits,Real handwritten digit dataset bundled with scikit-learn
sklearn_01003,5,data/raw_digits/5/sklearn_01003_5.png,sklearn.load_digits,Real handwritten digit dataset bundled with scikit-learn
sklearn_01004,3,data/raw_digits/3/sklearn_01004_3.png,sklearn.load_digits,Real handwritten digit dataset bundled with scikit-learn
sklearn_01005,6,data/raw_digits/6/sklearn_01005_6.png,sklearn.load_digits,Real handwritten digit dataset bundled with scikit-learn
sklearn_01006,9,data/raw_digits/9/sklearn_01006_9.png,sklearn.load_digits,Real handwritten digit dataset bundled with scikit-learn
sklearn_01007,6,data/raw_digits/6/sklearn_01007_6.png,sklearn.load_digits,Real handwritten digit dataset bundled with scikit-learn
sklearn_01008,1,data/raw_digits/1/sklearn_01008_1.png,sklearn.load_digits,Real handwritten digit dataset bundled with scikit-learn
sklearn_01009,7,data/raw_digits/7/sklearn_01009_7.png,sklearn.load_digits,Real handwritten digit dataset bundled with scikit-learn
sklearn_01010,5,data/raw_digits/5/sklearn_01010_5.png,sklearn.load_digits,Real handwritten digit dataset bundled with scikit-learn
sklearn_01011,4,data/raw_digits/4/sklearn_01011_4.png,sklearn.load_digits,Real handwritten digit dataset bundled with scikit-learn
sklearn_01012,4,data/raw_digits/4/sklearn_01012_4.png,sklearn.load_digits,Real handwritten digit dataset bundled with scikit-learn
sklearn_01013,7,data/raw_digits/7/sklearn_01013_7.png,sklearn.load_digits,Real handwritten digit dataset bundled with scikit-learn
sklearn_01014,2,data/raw_digits/2/sklearn_01014_2.png,sklearn.load_digits,Real handwritten digit dataset bundled with scikit-learn
sklearn_01015,8,data/raw_digits/8/sklearn_01015_8.png,sklearn.load_digits,Real handwritten digit dataset bundled with scikit-learn
sklearn_01016,2,data/raw_digits/2/sklearn_01016_2.png,sklearn.load_digits,Real handwritten digit dataset bundled with scikit-learn
sklearn_01017,2,data/raw_digits/2/sklearn_01017_2.png,sklearn.load_digits,Real handwritten digit dataset bundled with scikit-learn
sklearn_01018,5,data/raw_digits/5/sklearn_01018_5.png,sklearn.load_digits,Real handwritten digit dataset bundled with scikit-learn
sklearn_01019,7,data/raw_digits/7/sklearn_01019_7.png,sklearn.load_digits,Real handwritten digit dataset bundled with scikit-learn
sklearn_01020,9,data/raw_digits/9/sklearn_01020_9.png,sklearn.load_digits,Real handwritten digit dataset bundled with scikit-learn
sklearn_01021,5,data/raw_digits/5/sklearn_01021_5.png,sklearn.load_digits,Real handwritten digit dataset bundled with scikit-learn
sklearn_01022,4,data/raw_digits/4/sklearn_01022_4.png,sklearn.load_digits,Real handwritten digit dataset bundled with scikit-learn
sklearn_01023,4,data/raw_digits/4/sklearn_01023_4.png,sklearn.load_digits,Real handwritten digit dataset bundled with scikit-learn
sklearn_01024,9,data/raw_digits/9/sklearn_01024_9.png,sklearn.load_digits,Real handwritten digit dataset bundled with scikit-learn
sklearn_01025,0,data/raw_digits/0/sklearn_01025_0.png,sklearn.load_digits,Real handwritten digit dataset bundled with scikit-learn
sklearn_01026,8,data/raw_digits/8/sklearn_01026_8.png,sklearn.load_digits,Real handwritten digit dataset bundled with scikit-learn
sklearn_01027,9,data/raw_digits/9/sklearn_01027_9.png,sklearn.load_digits,Real handwritten digit dataset bundled with scikit-learn
sklearn_01028,8,data/raw_digits/8/sklearn_01028_8.png,sklearn.load_digits,Real handwritten digit dataset bundled with scikit-learn
sklearn_01029,0,data/raw_digits/0/sklearn_01029_0.png,sklearn.load_digits,Real handwritten digit dataset bundled with scikit-learn
sklearn_01030,1,data/raw_digits/1/sklearn_01030_1.png,sklearn.load_digits,Real handwritten digit dataset bundled with scikit-learn
sklearn_01031,2,data/raw_digits/2/sklearn_01031_2.png,sklearn.load_digits,Real handwritten digit dataset bundled with scikit-learn
sklearn_01032,3,data/raw_digits/3/sklearn_01032_3.png,sklearn.load_digits,Real handwritten digit dataset bundled with scikit-learn
sklearn_01033,4,data/raw_digits/4/sklearn_01033_4.png,sklearn.load_digits,Real handwritten digit dataset bundled with scikit-learn
sklearn_01034,5,data/raw_digits/5/sklearn_01034_5.png,sklearn.load_digits,Real handwritten digit dataset bundled with scikit-learn
sklearn_01035,6,data/raw_digits/6/sklearn_01035_6.png,sklearn.load_digits,Real handwritten digit dataset bundled with scikit-learn
sklearn_01036,7,data/raw_digits/7/sklearn_01036_7.png,sklearn.load_digits,Real handwritten digit dataset bundled with scikit-learn
sklearn_01037,8,data/raw_digits/8/sklearn_01037_8.png,sklearn.load_digits,Real handwritten digit dataset bundled with scikit-learn
sklearn_01038,9,data/raw_digits/9/sklearn_01038_9.png,sklearn.load_digits,Real handwritten digit dataset bundled with scikit-learn
sklearn_01039,0,data/raw_digits/0/sklearn_01039_0.png,sklearn.load_digits,Real handwritten digit dataset bundled with scikit-learn
sklearn_01040,1,data/raw_digits/1/sklearn_01040_1.png,sklearn.load_digits,Real handwritten digit dataset bundled with scikit-learn
sklearn_01041,2,data/raw_digits/2/sklearn_01041_2.png,sklearn.load_digits,Real handwritten digit dataset bundled with scikit-learn
sklearn_01042,3,data/raw_digits/3/sklearn_01042_3.png,sklearn.load_digits,Real handwritten digit dataset bundled with scikit-learn
sklearn_01043,4,data/raw_digits/4/sklearn_01043_4.png,sklearn.load_digits,Real handwritten digit dataset bundled with scikit-learn
sklearn_01044,5,data/raw_digits/5/sklearn_01044_5.png,sklearn.load_digits,Real handwritten digit dataset bundled with scikit-learn
sklearn_01045,6,data/raw_digits/6/sklearn_01045_6.png,sklearn.load_digits,Real handwritten digit dataset bundled with scikit-learn
sklearn_01046,7,data/raw_digits/7/sklearn_01046_7.png,sklearn.load_digits,Real handwritten digit dataset bundled with scikit-learn
sklearn_01047,8,data/raw_digits/8/sklearn_01047_8.png,sklearn.load_digits,Real handwritten digit dataset bundled with scikit-learn
sklearn_01048,9,data/raw_digits/9/sklearn_01048_9.png,sklearn.load_digits,Real handwritten digit dataset bundled with scikit-learn
sklearn_01049,0,data/raw_digits/0/sklearn_01049_0.png,sklearn.load_digits,Real handwritten digit dataset bundled with scikit-learn
sklearn_01050,1,data/raw_digits/1/sklearn_01050_1.png,sklearn.load_digits,Real handwritten digit dataset bundled with scikit-learn
sklearn_01051,2,data/raw_digits/2/sklearn_01051_2.png,sklearn.load_digits,Real handwritten digit dataset bundled with scikit-learn
sklearn_01052,3,data/raw_digits/3/sklearn_01052_3.png,sklearn.load_digits,Real handwritten digit dataset bundled with scikit-learn
sklearn_01053,4,data/raw_digits/4/sklearn_01053_4.png,sklearn.load_digits,Real handwritten digit dataset bundled with scikit-learn
sklearn_01054,5,data/raw_digits/5/sklearn_01054_5.png,sklearn.load_digits,Real handwritten digit dataset bundled with scikit-learn
sklearn_01055,6,data/raw_digits/6/sklearn_01055_6.png,sklearn.load_digits,Real handwritten digit dataset bundled with scikit-learn
sklearn_01056,7,data/raw_digits/7/sklearn_01056_7.png,sklearn.load_digits,Real handwritten digit dataset bundled with scikit-learn
sklearn_01057,8,data/raw_digits/8/sklearn_01057_8.png,sklearn.load_digits,Real handwritten digit dataset bundled with scikit-learn
sklearn_01058,9,data/raw_digits/9/sklearn_01058_9.png,sklearn.load_digits,Real handwritten digit dataset bundled with scikit-learn
sklearn_01059,0,data/raw_digits/0/sklearn_01059_0.png,sklearn.load_digits,Real handwritten digit dataset bundled with scikit-learn
sklearn_01060,9,data/raw_digits/9/sklearn_01060_9.png,sklearn.load_digits,Real handwritten digit dataset bundled with scikit-learn
sklearn_01061,5,data/raw_digits/5/sklearn_01061_5.png,sklearn.load_digits,Real handwritten digit dataset bundled with scikit-learn
sklearn_01062,5,data/raw_digits/5/sklearn_01062_5.png,sklearn.load_digits,Real handwritten digit dataset bundled with scikit-learn
sklearn_01063,6,data/raw_digits/6/sklearn_01063_6.png,sklearn.load_digits,Real handwritten digit dataset bundled with scikit-learn
sklearn_01064,5,data/raw_digits/5/sklearn_01064_5.png,sklearn.load_digits,Real handwritten digit dataset bundled with scikit-learn
sklearn_01065,0,data/raw_digits/0/sklearn_01065_0.png,sklearn.load_digits,Real handwritten digit dataset bundled with scikit-learn
sklearn_01066,9,data/raw_digits/9/sklearn_01066_9.png,sklearn.load_digits,Real handwritten digit dataset bundled with scikit-learn
sklearn_01067,8,data/raw_digits/8/sklearn_01067_8.png,sklearn.load_digits,Real handwritten digit dataset bundled with scikit-learn
sklearn_01068,9,data/raw_digits/9/sklearn_01068_9.png,sklearn.load_digits,Real handwritten digit dataset bundled with scikit-learn
sklearn_01069,8,data/raw_digits/8/sklearn_01069_8.png,sklearn.load_digits,Real handwritten digit dataset bundled with scikit-learn
sklearn_01070,4,data/raw_digits/4/sklearn_01070_4.png,sklearn.load_digits,Real handwritten digit dataset bundled with scikit-learn
sklearn_01071,1,data/raw_digits/1/sklearn_01071_1.png,sklearn.load_digits,Real handwritten digit dataset bundled with scikit-learn
sklearn_01072,7,data/raw_digits/7/sklearn_01072_7.png,sklearn.load_digits,Real handwritten digit dataset bundled with scikit-learn
sklearn_01073,7,data/raw_digits/7/sklearn_01073_7.png,sklearn.load_digits,Real handwritten digit dataset bundled with scikit-learn
sklearn_01074,3,data/raw_digits/3/sklearn_01074_3.png,sklearn.load_digits,Real handwritten digit dataset bundled with scikit-learn
sklearn_01075,5,data/raw_digits/5/sklearn_01075_5.png,sklearn.load_digits,Real handwritten digit dataset bundled with scikit-learn
sklearn_01076,1,data/raw_digits/1/sklearn_01076_1.png,sklearn.load_digits,Real handwritten digit dataset bundled with scikit-learn
sklearn_01077,0,data/raw_digits/0/sklearn_01077_0.png,sklearn.load_digits,Real handwritten digit dataset bundled with scikit-learn
sklearn_01078,0,data/raw_digits/0/sklearn_01078_0.png,sklearn.load_digits,Real handwritten digit dataset bundled with scikit-learn
sklearn_01079,7,data/raw_digits/7/sklearn_01079_7.png,sklearn.load_digits,Real handwritten digit dataset bundled with scikit-learn
sklearn_01080,8,data/raw_digits/8/sklearn_01080_8.png,sklearn.load_digits,Real handwritten digit dataset bundled with scikit-learn
sklearn_01081,2,data/raw_digits/2/sklearn_01081_2.png,sklearn.load_digits,Real handwritten digit dataset bundled with scikit-learn
sklearn_01082,0,data/raw_digits/0/sklearn_01082_0.png,sklearn.load_digits,Real handwritten digit dataset bundled with scikit-learn
sklearn_01083,1,data/raw_digits/1/sklearn_01083_1.png,sklearn.load_digits,Real handwritten digit dataset bundled with scikit-learn
sklearn_01084,2,data/raw_digits/2/sklearn_01084_2.png,sklearn.load_digits,Real handwritten digit dataset bundled with scikit-learn
sklearn_01085,6,data/raw_digits/6/sklearn_01085_6.png,sklearn.load_digits,Real handwritten digit dataset bundled with scikit-learn
sklearn_01086,3,data/raw_digits/3/sklearn_01086_3.png,sklearn.load_digits,Real handwritten digit dataset bundled with scikit-learn
sklearn_01087,3,data/raw_digits/3/sklearn_01087_3.png,sklearn.load_digits,Real handwritten digit dataset bundled with scikit-learn
sklearn_01088,7,data/raw_digits/7/sklearn_01088_7.png,sklearn.load_digits,Real handwritten digit dataset bundled with scikit-learn
sklearn_01089,3,data/raw_digits/3/sklearn_01089_3.png,sklearn.load_digits,Real handwritten digit dataset bundled with scikit-learn
sklearn_01090,3,data/raw_digits/3/sklearn_01090_3.png,sklearn.load_digits,Real handwritten digit dataset bundled with scikit-learn
sklearn_01091,4,data/raw_digits/4/sklearn_01091_4.png,sklearn.load_digits,Real handwritten digit dataset bundled with scikit-learn
sklearn_01092,6,data/raw_digits/6/sklearn_01092_6.png,sklearn.load_digits,Real handwritten digit dataset bundled with scikit-learn
sklearn_01093,6,data/raw_digits/6/sklearn_01093_6.png,sklearn.load_digits,Real handwritten digit dataset bundled with scikit-learn
sklearn_01094,6,data/raw_digits/6/sklearn_01094_6.png,sklearn.load_digits,Real handwritten digit dataset bundled with scikit-learn
sklearn_01095,4,data/raw_digits/4/sklearn_01095_4.png,sklearn.load_digits,Real handwritten digit dataset bundled with scikit-learn
sklearn_01096,9,data/raw_digits/9/sklearn_01096_9.png,sklearn.load_digits,Real handwritten digit dataset bundled with scikit-learn
sklearn_01097,1,data/raw_digits/1/sklearn_01097_1.png,sklearn.load_digits,Real handwritten digit dataset bundled with scikit-learn
sklearn_01098,5,data/raw_digits/5/sklearn_01098_5.png,sklearn.load_digits,Real handwritten digit dataset bundled with scikit-learn
sklearn_01099,0,data/raw_digits/0/sklearn_01099_0.png,sklearn.load_digits,Real handwritten digit dataset bundled with scikit-learn
sklearn_01100,9,data/raw_digits/9/sklearn_01100_9.png,sklearn.load_digits,Real handwritten digit dataset bundled with scikit-learn
sklearn_01101,5,data/raw_digits/5/sklearn_01101_5.png,sklearn.load_digits,Real handwritten digit dataset bundled with scikit-learn
sklearn_01102,2,data/raw_digits/2/sklearn_01102_2.png,sklearn.load_digits,Real handwritten digit dataset bundled with scikit-learn
sklearn_01103,8,data/raw_digits/8/sklearn_01103_8.png,sklearn.load_digits,Real handwritten digit dataset bundled with scikit-learn
sklearn_01104,2,data/raw_digits/2/sklearn_01104_2.png,sklearn.load_digits,Real handwritten digit dataset bundled with scikit-learn
sklearn_01105,0,data/raw_digits/0/sklearn_01105_0.png,sklearn.load_digits,Real handwritten digit dataset bundled with scikit-learn
sklearn_01106,0,data/raw_digits/0/sklearn_01106_0.png,sklearn.load_digits,Real handwritten digit dataset bundled with scikit-learn
sklearn_01107,1,data/raw_digits/1/sklearn_01107_1.png,sklearn.load_digits,Real handwritten digit dataset bundled with scikit-learn
sklearn_01108,7,data/raw_digits/7/sklearn_01108_7.png,sklearn.load_digits,Real handwritten digit dataset bundled with scikit-learn
sklearn_01109,6,data/raw_digits/6/sklearn_01109_6.png,sklearn.load_digits,Real handwritten digit dataset bundled with scikit-learn
sklearn_01110,3,data/raw_digits/3/sklearn_01110_3.png,sklearn.load_digits,Real handwritten digit dataset bundled with scikit-learn
sklearn_01111,2,data/raw_digits/2/sklearn_01111_2.png,sklearn.load_digits,Real handwritten digit dataset bundled with scikit-learn
sklearn_01112,1,data/raw_digits/1/sklearn_01112_1.png,sklearn.load_digits,Real handwritten digit dataset bundled with scikit-learn
sklearn_01113,7,data/raw_digits/7/sklearn_01113_7.png,sklearn.load_digits,Real handwritten digit dataset bundled with scikit-learn
sklearn_01114,4,data/raw_digits/4/sklearn_01114_4.png,sklearn.load_digits,Real handwritten digit dataset bundled with scikit-learn
sklearn_01115,6,data/raw_digits/6/sklearn_01115_6.png,sklearn.load_digits,Real handwritten digit dataset bundled with scikit-learn
sklearn_01116,3,data/raw_digits/3/sklearn_01116_3.png,sklearn.load_digits,Real handwritten digit dataset bundled with scikit-learn
sklearn_01117,1,data/raw_digits/1/sklearn_01117_1.png,sklearn.load_digits,Real handwritten digit dataset bundled with scikit-learn
sklearn_01118,3,data/raw_digits/3/sklearn_01118_3.png,sklearn.load_digits,Real handwritten digit dataset bundled with scikit-learn
sklearn_01119,9,data/raw_digits/9/sklearn_01119_9.png,sklearn.load_digits,Real handwritten digit dataset bundled with scikit-learn
sklearn_01120,1,data/raw_digits/1/sklearn_01120_1.png,sklearn.load_digits,Real handwritten digit dataset bundled with scikit-learn
sklearn_01121,7,data/raw_digits/7/sklearn_01121_7.png,sklearn.load_digits,Real handwritten digit dataset bundled with scikit-learn
sklearn_01122,6,data/raw_digits/6/sklearn_01122_6.png,sklearn.load_digits,Real handwritten digit dataset bundled with scikit-learn
sklearn_01123,8,data/raw_digits/8/sklearn_01123_8.png,sklearn.load_digits,Real handwritten digit dataset bundled with scikit-learn
sklearn_01124,4,data/raw_digits/4/sklearn_01124_4.png,sklearn.load_digits,Real handwritten digit dataset bundled with scikit-learn
sklearn_01125,3,data/raw_digits/3/sklearn_01125_3.png,sklearn.load_digits,Real handwritten digit dataset bundled with scikit-learn
sklearn_01126,1,data/raw_digits/1/sklearn_01126_1.png,sklearn.load_digits,Real handwritten digit dataset bundled with scikit-learn
sklearn_01127,4,data/raw_digits/4/sklearn_01127_4.png,sklearn.load_digits,Real handwritten digit dataset bundled with scikit-learn
sklearn_01128,0,data/raw_digits/0/sklearn_01128_0.png,sklearn.load_digits,Real handwritten digit dataset bundled with scikit-learn
sklearn_01129,5,data/raw_digits/5/sklearn_01129_5.png,sklearn.load_digits,Real handwritten digit dataset bundled with scikit-learn
sklearn_01130,3,data/raw_digits/3/sklearn_01130_3.png,sklearn.load_digits,Real handwritten digit dataset bundled with scikit-learn
sklearn_01131,6,data/raw_digits/6/sklearn_01131_6.png,sklearn.load_digits,Real handwritten digit dataset bundled with scikit-learn
sklearn_01132,9,data/raw_digits/9/sklearn_01132_9.png,sklearn.load_digits,Real handwritten digit dataset bundled with scikit-learn
sklearn_01133,6,data/raw_digits/6/sklearn_01133_6.png,sklearn.load_digits,Real handwritten digit dataset bundled with scikit-learn
sklearn_01134,1,data/raw_digits/1/sklearn_01134_1.png,sklearn.load_digits,Real handwritten digit dataset bundled with scikit-learn
sklearn_01135,7,data/raw_digits/7/sklearn_01135_7.png,sklearn.load_digits,Real handwritten digit dataset bundled with scikit-learn
sklearn_01136,5,data/raw_digits/5/sklearn_01136_5.png,sklearn.load_digits,Real handwritten digit dataset bundled with scikit-learn
sklearn_01137,4,data/raw_digits/4/sklearn_01137_4.png,sklearn.load_digits,Real handwritten digit dataset bundled with scikit-learn
sklearn_01138,4,data/raw_digits/4/sklearn_01138_4.png,sklearn.load_digits,Real handwritten digit dataset bundled with scikit-learn
sklearn_01139,7,data/raw_digits/7/sklearn_01139_7.png,sklearn.load_digits,Real handwritten digit dataset bundled with scikit-learn
sklearn_01140,2,data/raw_digits/2/sklearn_01140_2.png,sklearn.load_digits,Real handwritten digit dataset bundled with scikit-learn
sklearn_01141,8,data/raw_digits/8/sklearn_01141_8.png,sklearn.load_digits,Real handwritten digit dataset bundled with scikit-learn
sklearn_01142,2,data/raw_digits/2/sklearn_01142_2.png,sklearn.load_digits,Real handwritten digit dataset bundled with scikit-learn
sklearn_01143,2,data/raw_digits/2/sklearn_01143_2.png,sklearn.load_digits,Real handwritten digit dataset bundled with scikit-learn
sklearn_01144,5,data/raw_digits/5/sklearn_01144_5.png,sklearn.load_digits,Real handwritten digit dataset bundled with scikit-learn
sklearn_01145,7,data/raw_digits/7/sklearn_01145_7.png,sklearn.load_digits,Real handwritten digit dataset bundled with scikit-learn
sklearn_01146,9,data/raw_digits/9/sklearn_01146_9.png,sklearn.load_digits,Real handwritten digit dataset bundled with scikit-learn
sklearn_01147,5,data/raw_digits/5/sklearn_01147_5.png,sklearn.load_digits,Real handwritten digit dataset bundled with scikit-learn
sklearn_01148,4,data/raw_digits/4/sklearn_01148_4.png,sklearn.load_digits,Real handwritten digit dataset bundled with scikit-learn
sklearn_01149,8,data/raw_digits/8/sklearn_01149_8.png,sklearn.load_digits,Real handwritten digit dataset bundled with scikit-learn
sklearn_01150,8,data/raw_digits/8/sklearn_01150_8.png,sklearn.load_digits,Real handwritten digit dataset bundled with scikit-learn
sklearn_01151,4,data/raw_digits/4/sklearn_01151_4.png,sklearn.load_digits,Real handwritten digit dataset bundled with scikit-learn
sklearn_01152,9,data/raw_digits/9/sklearn_01152_9.png,sklearn.load_digits,Real handwritten digit dataset bundled with scikit-learn
sklearn_01153,0,data/raw_digits/0/sklearn_01153_0.png,sklearn.load_digits,Real handwritten digit dataset bundled with scikit-learn
sklearn_01154,8,data/raw_digits/8/sklearn_01154_8.png,sklearn.load_digits,Real handwritten digit dataset bundled with scikit-learn
sklearn_01155,9,data/raw_digits/9/sklearn_01155_9.png,sklearn.load_digits,Real handwritten digit dataset bundled with scikit-learn
sklearn_01156,8,data/raw_digits/8/sklearn_01156_8.png,sklearn.load_digits,Real handwritten digit dataset bundled with scikit-learn
sklearn_01157,0,data/raw_digits/0/sklearn_01157_0.png,sklearn.load_digits,Real handwritten digit dataset bundled with scikit-learn
sklearn_01158,1,data/raw_digits/1/sklearn_01158_1.png,sklearn.load_digits,Real handwritten digit dataset bundled with scikit-learn
sklearn_01159,2,data/raw_digits/2/sklearn_01159_2.png,sklearn.load_digits,Real handwritten digit dataset bundled with scikit-learn
sklearn_01160,3,data/raw_digits/3/sklearn_01160_3.png,sklearn.load_digits,Real handwritten digit dataset bundled with scikit-learn
sklearn_01161,4,data/raw_digits/4/sklearn_01161_4.png,sklearn.load_digits,Real handwritten digit dataset bundled with scikit-learn
sklearn_01162,5,data/raw_digits/5/sklearn_01162_5.png,sklearn.load_digits,Real handwritten digit dataset bundled with scikit-learn
sklearn_01163,6,data/raw_digits/6/sklearn_01163_6.png,sklearn.load_digits,Real handwritten digit dataset bundled with scikit-learn
sklearn_01164,7,data/raw_digits/7/sklearn_01164_7.png,sklearn.load_digits,Real handwritten digit dataset bundled with scikit-learn
sklearn_01165,8,data/raw_digits/8/sklearn_01165_8.png,sklearn.load_digits,Real handwritten digit dataset bundled with scikit-learn
sklearn_01166,9,data/raw_digits/9/sklearn_01166_9.png,sklearn.load_digits,Real handwritten digit dataset bundled with scikit-learn
sklearn_01167,0,data/raw_digits/0/sklearn_01167_0.png,sklearn.load_digits,Real handwritten digit dataset bundled with scikit-learn
sklearn_01168,1,data/raw_digits/1/sklearn_01168_1.png,sklearn.load_digits,Real handwritten digit dataset bundled with scikit-learn
sklearn_01169,2,data/raw_digits/2/sklearn_01169_2.png,sklearn.load_digits,Real handwritten digit dataset bundled with scikit-learn
sklearn_01170,3,data/raw_digits/3/sklearn_01170_3.png,sklearn.load_digits,Real handwritten digit dataset bundled with scikit-learn
sklearn_01171,4,data/raw_digits/4/sklearn_01171_4.png,sklearn.load_digits,Real handwritten digit dataset bundled with scikit-learn
sklearn_01172,5,data/raw_digits/5/sklearn_01172_5.png,sklearn.load_digits,Real handwritten digit dataset bundled with scikit-learn
sklearn_01173,6,data/raw_digits/6/sklearn_01173_6.png,sklearn.load_digits,Real handwritten digit dataset bundled with scikit-learn
sklearn_01174,7,data/raw_digits/7/sklearn_01174_7.png,sklearn.load_digits,Real handwritten digit dataset bundled with scikit-learn
sklearn_01175,8,data/raw_digits/8/sklearn_01175_8.png,sklearn.load_digits,Real handwritten digit dataset bundled with scikit-learn
sklearn_01176,9,data/raw_digits/9/sklearn_01176_9.png,sklearn.load_digits,Real handwritten digit dataset bundled with scikit-learn
sklearn_01177,0,data/raw_digits/0/sklearn_01177_0.png,sklearn.load_digits,Real handwritten digit dataset bundled with scikit-learn
sklearn_01178,1,data/raw_digits/1/sklearn_01178_1.png,sklearn.load_digits,Real handwritten digit dataset bundled with scikit-learn
sklearn_01179,2,data/raw_digits/2/sklearn_01179_2.png,sklearn.load_digits,Real handwritten digit dataset bundled with scikit-learn
sklearn_01180,3,data/raw_digits/3/sklearn_01180_3.png,sklearn.load_digits,Real handwritten digit dataset bundled with scikit-learn
sklearn_01181,4,data/raw_digits/4/sklearn_01181_4.png,sklearn.load_digits,Real handwritten digit dataset bundled with scikit-learn
sklearn_01182,5,data/raw_digits/5/sklearn_01182_5.png,sklearn.load_digits,Real handwritten digit dataset bundled with scikit-learn
sklearn_01183,6,data/raw_digits/6/sklearn_01183_6.png,sklearn.load_digits,Real handwritten digit dataset bundled with scikit-learn
sklearn_01184,7,data/raw_digits/7/sklearn_01184_7.png,sklearn.load_digits,Real handwritten digit dataset bundled with scikit-learn
sklearn_01185,8,data/raw_digits/8/sklearn_01185_8.png,sklearn.load_digits,Real handwritten digit dataset bundled with scikit-learn
sklearn_01186,9,data/raw_digits/9/sklearn_01186_9.png,sklearn.load_digits,Real handwritten digit dataset bundled with scikit-learn
sklearn_01187,0,data/raw_digits/0/sklearn_01187_0.png,sklearn.load_digits,Real handwritten digit dataset bundled with scikit-learn
sklearn_01188,9,data/raw_digits/9/sklearn_01188_9.png,sklearn.load_digits,Real handwritten digit dataset bundled with scikit-learn
sklearn_01189,5,data/raw_digits/5/sklearn_01189_5.png,sklearn.load_digits,Real handwritten digit dataset bundled with scikit-learn
sklearn_01190,5,data/raw_digits/5/sklearn_01190_5.png,sklearn.load_digits,Real handwritten digit dataset bundled with scikit-learn
sklearn_01191,6,data/raw_digits/6/sklearn_01191_6.png,sklearn.load_digits,Real handwritten digit dataset bundled with scikit-learn
sklearn_01192,5,data/raw_digits/5/sklearn_01192_5.png,sklearn.load_digits,Real handwritten digit dataset bundled with scikit-learn
sklearn_01193,0,data/raw_digits/0/sklearn_01193_0.png,sklearn.load_digits,Real handwritten digit dataset bundled with scikit-learn
sklearn_01194,9,data/raw_digits/9/sklearn_01194_9.png,sklearn.load_digits,Real handwritten digit dataset bundled with scikit-learn
sklearn_01195,8,data/raw_digits/8/sklearn_01195_8.png,sklearn.load_digits,Real handwritten digit dataset bundled with scikit-learn
sklearn_01196,9,data/raw_digits/9/sklearn_01196_9.png,sklearn.load_digits,Real handwritten digit dataset bundled with scikit-learn
sklearn_01197,8,data/raw_digits/8/sklearn_01197_8.png,sklearn.load_digits,Real handwritten digit dataset bundled with scikit-learn
sklearn_01198,4,data/raw_digits/4/sklearn_01198_4.png,sklearn.load_digits,Real handwritten digit dataset bundled with scikit-learn
sklearn_01199,1,data/raw_digits/1/sklearn_01199_1.png,sklearn.load_digits,Real handwritten digit dataset bundled with scikit-learn
sklearn_01200,7,data/raw_digits/7/sklearn_01200_7.png,sklearn.load_digits,Real handwritten digit dataset bundled with scikit-learn
sklearn_01201,7,data/raw_digits/7/sklearn_01201_7.png,sklearn.load_digits,Real handwritten digit dataset bundled with scikit-learn
sklearn_01202,3,data/raw_digits/3/sklearn_01202_3.png,sklearn.load_digits,Real handwritten digit dataset bundled with scikit-learn
sklearn_01203,5,data/raw_digits/5/sklearn_01203_5.png,sklearn.load_digits,Real handwritten digit dataset bundled with scikit-learn
sklearn_01204,1,data/raw_digits/1/sklearn_01204_1.png,sklearn.load_digits,Real handwritten digit dataset bundled with scikit-learn
sklearn_01205,0,data/raw_digits/0/sklearn_01205_0.png,sklearn.load_digits,Real handwritten digit dataset bundled with scikit-learn
sklearn_01206,0,data/raw_digits/0/sklearn_01206_0.png,sklearn.load_digits,Real handwritten digit dataset bundled with scikit-learn
sklearn_01207,2,data/raw_digits/2/sklearn_01207_2.png,sklearn.load_digits,Real handwritten digit dataset bundled with scikit-learn
sklearn_01208,2,data/raw_digits/2/sklearn_01208_2.png,sklearn.load_digits,Real handwritten digit dataset bundled with scikit-learn
sklearn_01209,7,data/raw_digits/7/sklearn_01209_7.png,sklearn.load_digits,Real handwritten digit dataset bundled with scikit-learn
sklearn_01210,8,data/raw_digits/8/sklearn_01210_8.png,sklearn.load_digits,Real handwritten digit dataset bundled with scikit-learn
sklearn_01211,2,data/raw_digits/2/sklearn_01211_2.png,sklearn.load_digits,Real handwritten digit dataset bundled with scikit-learn
sklearn_01212,0,data/raw_digits/0/sklearn_01212_0.png,sklearn.load_digits,Real handwritten digit dataset bundled with scikit-learn
sklearn_01213,1,data/raw_digits/1/sklearn_01213_1.png,sklearn.load_digits,Real handwritten digit dataset bundled with scikit-learn
sklearn_01214,2,data/raw_digits/2/sklearn_01214_2.png,sklearn.load_digits,Real handwritten digit dataset bundled with scikit-learn
sklearn_01215,6,data/raw_digits/6/sklearn_01215_6.png,sklearn.load_digits,Real handwritten digit dataset bundled with scikit-learn
sklearn_01216,3,data/raw_digits/3/sklearn_01216_3.png,sklearn.load_digits,Real handwritten digit dataset bundled with scikit-learn
sklearn_01217,3,data/raw_digits/3/sklearn_01217_3.png,sklearn.load_digits,Real handwritten digit dataset bundled with scikit-learn
sklearn_01218,7,data/raw_digits/7/sklearn_01218_7.png,sklearn.load_digits,Real handwritten digit dataset bundled with scikit-learn
sklearn_01219,3,data/raw_digits/3/sklearn_01219_3.png,sklearn.load_digits,Real handwritten digit dataset bundled with scikit-learn
sklearn_01220,3,data/raw_digits/3/sklearn_01220_3.png,sklearn.load_digits,Real handwritten digit dataset bundled with scikit-learn
sklearn_01221,4,data/raw_digits/4/sklearn_01221_4.png,sklearn.load_digits,Real handwritten digit dataset bundled with scikit-learn
sklearn_01222,6,data/raw_digits/6/sklearn_01222_6.png,sklearn.load_digits,Real handwritten digit dataset bundled with scikit-learn
sklearn_01223,6,data/raw_digits/6/sklearn_01223_6.png,sklearn.load_digits,Real handwritten digit dataset bundled with scikit-learn
sklearn_01224,6,data/raw_digits/6/sklearn_01224_6.png,sklearn.load_digits,Real handwritten digit dataset bundled with scikit-learn
sklearn_01225,4,data/raw_digits/4/sklearn_01225_4.png,sklearn.load_digits,Real handwritten digit dataset bundled with scikit-learn
sklearn_01226,9,data/raw_digits/9/sklearn_01226_9.png,sklearn.load_digits,Real handwritten digit dataset bundled with scikit-learn
sklearn_01227,1,data/raw_digits/1/sklearn_01227_1.png,sklearn.load_digits,Real handwritten digit dataset bundled with scikit-learn
sklearn_01228,5,data/raw_digits/5/sklearn_01228_5.png,sklearn.load_digits,Real handwritten digit dataset bundled with scikit-learn
sklearn_01229,0,data/raw_digits/0/sklearn_01229_0.png,sklearn.load_digits,Real handwritten digit dataset bundled with scikit-learn
sklearn_01230,9,data/raw_digits/9/sklearn_01230_9.png,sklearn.load_digits,Real handwritten digit dataset bundled with scikit-learn
sklearn_01231,5,data/raw_digits/5/sklearn_01231_5.png,sklearn.load_digits,Real handwritten digit dataset bundled with scikit-learn
sklearn_01232,2,data/raw_digits/2/sklearn_01232_2.png,sklearn.load_digits,Real handwritten digit dataset bundled with scikit-learn
sklearn_01233,8,data/raw_digits/8/sklearn_01233_8.png,sklearn.load_digits,Real handwritten digit dataset bundled with scikit-learn
sklearn_01234,2,data/raw_digits/2/sklearn_01234_2.png,sklearn.load_digits,Real handwritten digit dataset bundled with scikit-learn
sklearn_01235,0,data/raw_digits/0/sklearn_01235_0.png,sklearn.load_digits,Real handwritten digit dataset bundled with scikit-learn
sklearn_01236,0,data/raw_digits/0/sklearn_01236_0.png,sklearn.load_digits,Real handwritten digit dataset bundled with scikit-learn
sklearn_01237,1,data/raw_digits/1/sklearn_01237_1.png,sklearn.load_digits,Real handwritten digit dataset bundled with scikit-learn
sklearn_01238,7,data/raw_digits/7/sklearn_01238_7.png,sklearn.load_digits,Real handwritten digit dataset bundled with scikit-learn
sklearn_01239,6,data/raw_digits/6/sklearn_01239_6.png,sklearn.load_digits,Real handwritten digit dataset bundled with scikit-learn
sklearn_01240,3,data/raw_digits/3/sklearn_01240_3.png,sklearn.load_digits,Real handwritten digit dataset bundled with scikit-learn
sklearn_01241,2,data/raw_digits/2/sklearn_01241_2.png,sklearn.load_digits,Real handwritten digit dataset bundled with scikit-learn
sklearn_01242,1,data/raw_digits/1/sklearn_01242_1.png,sklearn.load_digits,Real handwritten digit dataset bundled with scikit-learn
sklearn_01243,7,data/raw_digits/7/sklearn_01243_7.png,sklearn.load_digits,Real handwritten digit dataset bundled with scikit-learn
sklearn_01244,4,data/raw_digits/4/sklearn_01244_4.png,sklearn.load_digits,Real handwritten digit dataset bundled with scikit-learn
sklearn_01245,6,data/raw_digits/6/sklearn_01245_6.png,sklearn.load_digits,Real handwritten digit dataset bundled with scikit-learn
sklearn_01246,3,data/raw_digits/3/sklearn_01246_3.png,sklearn.load_digits,Real handwritten digit dataset bundled with scikit-learn
sklearn_01247,1,data/raw_digits/1/sklearn_01247_1.png,sklearn.load_digits,Real handwritten digit dataset bundled with scikit-learn
sklearn_01248,3,data/raw_digits/3/sklearn_01248_3.png,sklearn.load_digits,Real handwritten digit dataset bundled with scikit-learn
sklearn_01249,9,data/raw_digits/9/sklearn_01249_9.png,sklearn.load_digits,Real handwritten digit dataset bundled with scikit-learn
sklearn_01250,1,data/raw_digits/1/sklearn_01250_1.png,sklearn.load_digits,Real handwritten digit dataset bundled with scikit-learn
sklearn_01251,7,data/raw_digits/7/sklearn_01251_7.png,sklearn.load_digits,Real handwritten digit dataset bundled with scikit-learn
sklearn_01252,6,data/raw_digits/6/sklearn_01252_6.png,sklearn.load_digits,Real handwritten digit dataset bundled with scikit-learn
sklearn_01253,8,data/raw_digits/8/sklearn_01253_8.png,sklearn.load_digits,Real handwritten digit dataset bundled with scikit-learn
sklearn_01254,4,data/raw_digits/4/sklearn_01254_4.png,sklearn.load_digits,Real handwritten digit dataset bundled with scikit-learn
sklearn_01255,3,data/raw_digits/3/sklearn_01255_3.png,sklearn.load_digits,Real handwritten digit dataset bundled with scikit-learn
sklearn_01256,1,data/raw_digits/1/sklearn_01256_1.png,sklearn.load_digits,Real handwritten digit dataset bundled with scikit-learn
sklearn_01257,4,data/raw_digits/4/sklearn_01257_4.png,sklearn.load_digits,Real handwritten digit dataset bundled with scikit-learn
sklearn_01258,0,data/raw_digits/0/sklearn_01258_0.png,sklearn.load_digits,Real handwritten digit dataset bundled with scikit-learn
sklearn_01259,5,data/raw_digits/5/sklearn_01259_5.png,sklearn.load_digits,Real handwritten digit dataset bundled with scikit-learn
sklearn_01260,3,data/raw_digits/3/sklearn_01260_3.png,sklearn.load_digits,Real handwritten digit dataset bundled with scikit-learn
sklearn_01261,6,data/raw_digits/6/sklearn_01261_6.png,sklearn.load_digits,Real handwritten digit dataset bundled with scikit-learn
sklearn_01262,9,data/raw_digits/9/sklearn_01262_9.png,sklearn.load_digits,Real handwritten digit dataset bundled with scikit-learn
sklearn_01263,6,data/raw_digits/6/sklearn_01263_6.png,sklearn.load_digits,Real handwritten digit dataset bundled with scikit-learn
sklearn_01264,1,data/raw_digits/1/sklearn_01264_1.png,sklearn.load_digits,Real handwritten digit dataset bundled with scikit-learn
sklearn_01265,7,data/raw_digits/7/sklearn_01265_7.png,sklearn.load_digits,Real handwritten digit dataset bundled with scikit-learn
sklearn_01266,5,data/raw_digits/5/sklearn_01266_5.png,sklearn.load_digits,Real handwritten digit dataset bundled with scikit-learn
sklearn_01267,4,data/raw_digits/4/sklearn_01267_4.png,sklearn.load_digits,Real handwritten digit dataset bundled with scikit-learn
sklearn_01268,4,data/raw_digits/4/sklearn_01268_4.png,sklearn.load_digits,Real handwritten digit dataset bundled with scikit-learn
sklearn_01269,7,data/raw_digits/7/sklearn_01269_7.png,sklearn.load_digits,Real handwritten digit dataset bundled with scikit-learn
sklearn_01270,2,data/raw_digits/2/sklearn_01270_2.png,sklearn.load_digits,Real handwritten digit dataset bundled with scikit-learn
sklearn_01271,8,data/raw_digits/8/sklearn_01271_8.png,sklearn.load_digits,Real handwritten digit dataset bundled with scikit-learn
sklearn_01272,2,data/raw_digits/2/sklearn_01272_2.png,sklearn.load_digits,Real handwritten digit dataset bundled with scikit-learn
sklearn_01273,2,data/raw_digits/2/sklearn_01273_2.png,sklearn.load_digits,Real handwritten digit dataset bundled with scikit-learn
sklearn_01274,5,data/raw_digits/5/sklearn_01274_5.png,sklearn.load_digits,Real handwritten digit dataset bundled with scikit-learn
sklearn_01275,7,data/raw_digits/7/sklearn_01275_7.png,sklearn.load_digits,Real handwritten digit dataset bundled with scikit-learn
sklearn_01276,9,data/raw_digits/9/sklearn_01276_9.png,sklearn.load_digits,Real handwritten digit dataset bundled with scikit-learn
sklearn_01277,5,data/raw_digits/5/sklearn_01277_5.png,sklearn.load_digits,Real handwritten digit dataset bundled with scikit-learn
sklearn_01278,4,data/raw_digits/4/sklearn_01278_4.png,sklearn.load_digits,Real handwritten digit dataset bundled with scikit-learn
sklearn_01279,8,data/raw_digits/8/sklearn_01279_8.png,sklearn.load_digits,Real handwritten digit dataset bundled with scikit-learn
sklearn_01280,8,data/raw_digits/8/sklearn_01280_8.png,sklearn.load_digits,Real handwritten digit dataset bundled with scikit-learn
sklearn_01281,4,data/raw_digits/4/sklearn_01281_4.png,sklearn.load_digits,Real handwritten digit dataset bundled with scikit-learn
sklearn_01282,9,data/raw_digits/9/sklearn_01282_9.png,sklearn.load_digits,Real handwritten digit dataset bundled with scikit-learn
sklearn_01283,0,data/raw_digits/0/sklearn_01283_0.png,sklearn.load_digits,Real handwritten digit dataset bundled with scikit-learn
sklearn_01284,8,data/raw_digits/8/sklearn_01284_8.png,sklearn.load_digits,Real handwritten digit dataset bundled with scikit-learn
sklearn_01285,9,data/raw_digits/9/sklearn_01285_9.png,sklearn.load_digits,Real handwritten digit dataset bundled with scikit-learn
sklearn_01286,8,data/raw_digits/8/sklearn_01286_8.png,sklearn.load_digits,Real handwritten digit dataset bundled with scikit-learn
sklearn_01287,0,data/raw_digits/0/sklearn_01287_0.png,sklearn.load_digits,Real handwritten digit dataset bundled with scikit-learn
sklearn_01288,1,data/raw_digits/1/sklearn_01288_1.png,sklearn.load_digits,Real handwritten digit dataset bundled with scikit-learn
sklearn_01289,2,data/raw_digits/2/sklearn_01289_2.png,sklearn.load_digits,Real handwritten digit dataset bundled with scikit-learn
sklearn_01290,3,data/raw_digits/3/sklearn_01290_3.png,sklearn.load_digits,Real handwritten digit dataset bundled with scikit-learn
sklearn_01291,4,data/raw_digits/4/sklearn_01291_4.png,sklearn.load_digits,Real handwritten digit dataset bundled with scikit-learn
sklearn_01292,5,data/raw_digits/5/sklearn_01292_5.png,sklearn.load_digits,Real handwritten digit dataset bundled with scikit-learn
sklearn_01293,6,data/raw_digits/6/sklearn_01293_6.png,sklearn.load_digits,Real handwritten digit dataset bundled with scikit-learn
sklearn_01294,7,data/raw_digits/7/sklearn_01294_7.png,sklearn.load_digits,Real handwritten digit dataset bundled with scikit-learn
sklearn_01295,8,data/raw_digits/8/sklearn_01295_8.png,sklearn.load_digits,Real handwritten digit dataset bundled with scikit-learn
sklearn_01296,9,data/raw_digits/9/sklearn_01296_9.png,sklearn.load_digits,Real handwritten digit dataset bundled with scikit-learn
sklearn_01297,0,data/raw_digits/0/sklearn_01297_0.png,sklearn.load_digits,Real handwritten digit dataset bundled with scikit-learn
sklearn_01298,1,data/raw_digits/1/sklearn_01298_1.png,sklearn.load_digits,Real handwritten digit dataset bundled with scikit-learn
sklearn_01299,2,data/raw_digits/2/sklearn_01299_2.png,sklearn.load_digits,Real handwritten digit dataset bundled with scikit-learn
sklearn_01300,3,data/raw_digits/3/sklearn_01300_3.png,sklearn.load_digits,Real handwritten digit dataset bundled with scikit-learn
sklearn_01301,4,data/raw_digits/4/sklearn_01301_4.png,sklearn.load_digits,Real handwritten digit dataset bundled with scikit-learn
sklearn_01302,5,data/raw_digits/5/sklearn_01302_5.png,sklearn.load_digits,Real handwritten digit dataset bundled with scikit-learn
sklearn_01303,6,data/raw_digits/6/sklearn_01303_6.png,sklearn.load_digits,Real handwritten digit dataset bundled with scikit-learn
sklearn_01304,7,data/raw_digits/7/sklearn_01304_7.png,sklearn.load_digits,Real handwritten digit dataset bundled with scikit-learn
sklearn_01305,8,data/raw_digits/8/sklearn_01305_8.png,sklearn.load_digits,Real handwritten digit dataset bundled with scikit-learn
sklearn_01306,9,data/raw_digits/9/sklearn_01306_9.png,sklearn.load_digits,Real handwritten digit dataset bundled with scikit-learn
sklearn_01307,0,data/raw_digits/0/sklearn_01307_0.png,sklearn.load_digits,Real handwritten digit dataset bundled with scikit-learn
sklearn_01308,1,data/raw_digits/1/sklearn_01308_1.png,sklearn.load_digits,Real handwritten digit dataset bundled with scikit-learn
sklearn_01309,2,data/raw_digits/2/sklearn_01309_2.png,sklearn.load_digits,Real handwritten digit dataset bundled with scikit-learn
sklearn_01310,3,data/raw_digits/3/sklearn_01310_3.png,sklearn.load_digits,Real handwritten digit dataset bundled with scikit-learn
sklearn_01311,4,data/raw_digits/4/sklearn_01311_4.png,sklearn.load_digits,Real handwritten digit dataset bundled with scikit-learn
sklearn_01312,5,data/raw_digits/5/sklearn_01312_5.png,sklearn.load_digits,Real handwritten digit dataset bundled with scikit-learn
sklearn_01313,6,data/raw_digits/6/sklearn_01313_6.png,sklearn.load_digits,Real handwritten digit dataset bundled with scikit-learn
sklearn_01314,7,data/raw_digits/7/sklearn_01314_7.png,sklearn.load_digits,Real handwritten digit dataset bundled with scikit-learn
sklearn_01315,8,data/raw_digits/8/sklearn_01315_8.png,sklearn.load_digits,Real handwritten digit dataset bundled with scikit-learn
sklearn_01316,9,data/raw_digits/9/sklearn_01316_9.png,sklearn.load_digits,Real handwritten digit dataset bundled with scikit-learn
sklearn_01317,0,data/raw_digits/0/sklearn_01317_0.png,sklearn.load_digits,Real handwritten digit dataset bundled with scikit-learn
sklearn_01318,9,data/raw_digits/9/sklearn_01318_9.png,sklearn.load_digits,Real handwritten digit dataset bundled with scikit-learn
sklearn_01319,5,data/raw_digits/5/sklearn_01319_5.png,sklearn.load_digits,Real handwritten digit dataset bundled with scikit-learn
sklearn_01320,5,data/raw_digits/5/sklearn_01320_5.png,sklearn.load_digits,Real handwritten digit dataset bundled with scikit-learn
sklearn_01321,6,data/raw_digits/6/sklearn_01321_6.png,sklearn.load_digits,Real handwritten digit dataset bundled with scikit-learn
sklearn_01322,5,data/raw_digits/5/sklearn_01322_5.png,sklearn.load_digits,Real handwritten digit dataset bundled with scikit-learn
sklearn_01323,0,data/raw_digits/0/sklearn_01323_0.png,sklearn.load_digits,Real handwritten digit dataset bundled with scikit-learn
sklearn_01324,9,data/raw_digits/9/sklearn_01324_9.png,sklearn.load_digits,Real handwritten digit dataset bundled with scikit-learn
sklearn_01325,8,data/raw_digits/8/sklearn_01325_8.png,sklearn.load_digits,Real handwritten digit dataset bundled with scikit-learn
sklearn_01326,9,data/raw_digits/9/sklearn_01326_9.png,sklearn.load_digits,Real handwritten digit dataset bundled with scikit-learn
sklearn_01327,8,data/raw_digits/8/sklearn_01327_8.png,sklearn.load_digits,Real handwritten digit dataset bundled with scikit-learn
sklearn_01328,4,data/raw_digits/4/sklearn_01328_4.png,sklearn.load_digits,Real handwritten digit dataset bundled with scikit-learn
sklearn_01329,1,data/raw_digits/1/sklearn_01329_1.png,sklearn.load_digits,Real handwritten digit dataset bundled with scikit-learn
sklearn_01330,7,data/raw_digits/7/sklearn_01330_7.png,sklearn.load_digits,Real handwritten digit dataset bundled with scikit-learn
sklearn_01331,7,data/raw_digits/7/sklearn_01331_7.png,sklearn.load_digits,Real handwritten digit dataset bundled with scikit-learn
sklearn_01332,3,data/raw_digits/3/sklearn_01332_3.png,sklearn.load_digits,Real handwritten digit dataset bundled with scikit-learn
sklearn_01333,5,data/raw_digits/5/sklearn_01333_5.png,sklearn.load_digits,Real handwritten digit dataset bundled with scikit-learn
sklearn_01334,1,data/raw_digits/1/sklearn_01334_1.png,sklearn.load_digits,Real handwritten digit dataset bundled with scikit-learn
sklearn_01335,0,data/raw_digits/0/sklearn_01335_0.png,sklearn.load_digits,Real handwritten digit dataset bundled with scikit-learn
sklearn_01336,0,data/raw_digits/0/sklearn_01336_0.png,sklearn.load_digits,Real handwritten digit dataset bundled with scikit-learn
sklearn_01337,2,data/raw_digits/2/sklearn_01337_2.png,sklearn.load_digits,Real handwritten digit dataset bundled with scikit-learn
sklearn_01338,2,data/raw_digits/2/sklearn_01338_2.png,sklearn.load_digits,Real handwritten digit dataset bundled with scikit-learn
sklearn_01339,7,data/raw_digits/7/sklearn_01339_7.png,sklearn.load_digits,Real handwritten digit dataset bundled with scikit-learn
sklearn_01340,8,data/raw_digits/8/sklearn_01340_8.png,sklearn.load_digits,Real handwritten digit dataset bundled with scikit-learn
sklearn_01341,2,data/raw_digits/2/sklearn_01341_2.png,sklearn.load_digits,Real handwritten digit dataset bundled with scikit-learn
sklearn_01342,0,data/raw_digits/0/sklearn_01342_0.png,sklearn.load_digits,Real handwritten digit dataset bundled with scikit-learn
sklearn_01343,1,data/raw_digits/1/sklearn_01343_1.png,sklearn.load_digits,Real handwritten digit dataset bundled with scikit-learn
sklearn_01344,2,data/raw_digits/2/sklearn_01344_2.png,sklearn.load_digits,Real handwritten digit dataset bundled with scikit-learn
sklearn_01345,6,data/raw_digits/6/sklearn_01345_6.png,sklearn.load_digits,Real handwritten digit dataset bundled with scikit-learn
sklearn_01346,3,data/raw_digits/3/sklearn_01346_3.png,sklearn.load_digits,Real handwritten digit dataset bundled with scikit-learn
sklearn_01347,3,data/raw_digits/3/sklearn_01347_3.png,sklearn.load_digits,Real handwritten digit dataset bundled with scikit-learn
sklearn_01348,7,data/raw_digits/7/sklearn_01348_7.png,sklearn.load_digits,Real handwritten digit dataset bundled with scikit-learn
sklearn_01349,3,data/raw_digits/3/sklearn_01349_3.png,sklearn.load_digits,Real handwritten digit dataset bundled with scikit-learn
sklearn_01350,3,data/raw_digits/3/sklearn_01350_3.png,sklearn.load_digits,Real handwritten digit dataset bundled with scikit-learn
sklearn_01351,4,data/raw_digits/4/sklearn_01351_4.png,sklearn.load_digits,Real handwritten digit dataset bundled with scikit-learn
sklearn_01352,6,data/raw_digits/6/sklearn_01352_6.png,sklearn.load_digits,Real handwritten digit dataset bundled with scikit-learn
sklearn_01353,6,data/raw_digits/6/sklearn_01353_6.png,sklearn.load_digits,Real handwritten digit dataset bundled with scikit-learn
sklearn_01354,6,data/raw_digits/6/sklearn_01354_6.png,sklearn.load_digits,Real handwritten digit dataset bundled with scikit-learn
sklearn_01355,4,data/raw_digits/4/sklearn_01355_4.png,sklearn.load_digits,Real handwritten digit dataset bundled with scikit-learn
sklearn_01356,9,data/raw_digits/9/sklearn_01356_9.png,sklearn.load_digits,Real handwritten digit dataset bundled with scikit-learn
sklearn_01357,1,data/raw_digits/1/sklearn_01357_1.png,sklearn.load_digits,Real handwritten digit dataset bundled with scikit-learn
sklearn_01358,5,data/raw_digits/5/sklearn_01358_5.png,sklearn.load_digits,Real handwritten digit dataset bundled with scikit-learn
sklearn_01359,0,data/raw_digits/0/sklearn_01359_0.png,sklearn.load_digits,Real handwritten digit dataset bundled with scikit-learn
sklearn_01360,9,data/raw_digits/9/sklearn_01360_9.png,sklearn.load_digits,Real handwritten digit dataset bundled with scikit-learn
sklearn_01361,5,data/raw_digits/5/sklearn_01361_5.png,sklearn.load_digits,Real handwritten digit dataset bundled with scikit-learn
sklearn_01362,2,data/raw_digits/2/sklearn_01362_2.png,sklearn.load_digits,Real handwritten digit dataset bundled with scikit-learn
sklearn_01363,8,data/raw_digits/8/sklearn_01363_8.png,sklearn.load_digits,Real handwritten digit dataset bundled with scikit-learn
sklearn_01364,2,data/raw_digits/2/sklearn_01364_2.png,sklearn.load_digits,Real handwritten digit dataset bundled with scikit-learn
sklearn_01365,0,data/raw_digits/0/sklearn_01365_0.png,sklearn.load_digits,Real handwritten digit dataset bundled with scikit-learn
sklearn_01366,0,data/raw_digits/0/sklearn_01366_0.png,sklearn.load_digits,Real handwritten digit dataset bundled with scikit-learn
sklearn_01367,1,data/raw_digits/1/sklearn_01367_1.png,sklearn.load_digits,Real handwritten digit dataset bundled with scikit-learn
sklearn_01368,7,data/raw_digits/7/sklearn_01368_7.png,sklearn.load_digits,Real handwritten digit dataset bundled with scikit-learn
sklearn_01369,6,data/raw_digits/6/sklearn_01369_6.png,sklearn.load_digits,Real handwritten digit dataset bundled with scikit-learn
sklearn_01370,3,data/raw_digits/3/sklearn_01370_3.png,sklearn.load_digits,Real handwritten digit dataset bundled with scikit-learn
sklearn_01371,2,data/raw_digits/2/sklearn_01371_2.png,sklearn.load_digits,Real handwritten digit dataset bundled with scikit-learn
sklearn_01372,1,data/raw_digits/1/sklearn_01372_1.png,sklearn.load_digits,Real handwritten digit dataset bundled with scikit-learn
sklearn_01373,7,data/raw_digits/7/sklearn_01373_7.png,sklearn.load_digits,Real handwritten digit dataset bundled with scikit-learn
sklearn_01374,4,data/raw_digits/4/sklearn_01374_4.png,sklearn.load_digits,Real handwritten digit dataset bundled with scikit-learn
sklearn_01375,6,data/raw_digits/6/sklearn_01375_6.png,sklearn.load_digits,Real handwritten digit dataset bundled with scikit-learn
sklearn_01376,3,data/raw_digits/3/sklearn_01376_3.png,sklearn.load_digits,Real handwritten digit dataset bundled with scikit-learn
sklearn_01377,1,data/raw_digits/1/sklearn_01377_1.png,sklearn.load_digits,Real handwritten digit dataset bundled with scikit-learn
sklearn_01378,3,data/raw_digits/3/sklearn_01378_3.png,sklearn.load_digits,Real handwritten digit dataset bundled with scikit-learn
sklearn_01379,9,data/raw_digits/9/sklearn_01379_9.png,sklearn.load_digits,Real handwritten digit dataset bundled with scikit-learn
sklearn_01380,1,data/raw_digits/1/sklearn_01380_1.png,sklearn.load_digits,Real handwritten digit dataset bundled with scikit-learn
sklearn_01381,7,data/raw_digits/7/sklearn_01381_7.png,sklearn.load_digits,Real handwritten digit dataset bundled with scikit-learn
sklearn_01382,6,data/raw_digits/6/sklearn_01382_6.png,sklearn.load_digits,Real handwritten digit dataset bundled with scikit-learn
sklearn_01383,8,data/raw_digits/8/sklearn_01383_8.png,sklearn.load_digits,Real handwritten digit dataset bundled with scikit-learn
sklearn_01384,4,data/raw_digits/4/sklearn_01384_4.png,sklearn.load_digits,Real handwritten digit dataset bundled with scikit-learn
sklearn_01385,3,data/raw_digits/3/sklearn_01385_3.png,sklearn.load_digits,Real handwritten digit dataset bundled with scikit-learn
sklearn_01386,1,data/raw_digits/1/sklearn_01386_1.png,sklearn.load_digits,Real handwritten digit dataset bundled with scikit-learn
sklearn_01387,4,data/raw_digits/4/sklearn_01387_4.png,sklearn.load_digits,Real handwritten digit dataset bundled with scikit-learn
sklearn_01388,0,data/raw_digits/0/sklearn_01388_0.png,sklearn.load_digits,Real handwritten digit dataset bundled with scikit-learn
sklearn_01389,5,data/raw_digits/5/sklearn_01389_5.png,sklearn.load_digits,Real handwritten digit dataset bundled with scikit-learn
sklearn_01390,3,data/raw_digits/3/sklearn_01390_3.png,sklearn.load_digits,Real handwritten digit dataset bundled with scikit-learn
sklearn_01391,6,data/raw_digits/6/sklearn_01391_6.png,sklearn.load_digits,Real handwritten digit dataset bundled with scikit-learn
sklearn_01392,9,data/raw_digits/9/sklearn_01392_9.png,sklearn.load_digits,Real handwritten digit dataset bundled with scikit-learn
sklearn_01393,6,data/raw_digits/6/sklearn_01393_6.png,sklearn.load_digits,Real handwritten digit dataset bundled with scikit-learn
sklearn_01394,1,data/raw_digits/1/sklearn_01394_1.png,sklearn.load_digits,Real handwritten digit dataset bundled with scikit-learn
sklearn_01395,7,data/raw_digits/7/sklearn_01395_7.png,sklearn.load_digits,Real handwritten digit dataset bundled with scikit-learn
sklearn_01396,5,data/raw_digits/5/sklearn_01396_5.png,sklearn.load_digits,Real handwritten digit dataset bundled with scikit-learn
sklearn_01397,4,data/raw_digits/4/sklearn_01397_4.png,sklearn.load_digits,Real handwritten digit dataset bundled with scikit-learn
sklearn_01398,4,data/raw_digits/4/sklearn_01398_4.png,sklearn.load_digits,Real handwritten digit dataset bundled with scikit-learn
sklearn_01399,7,data/raw_digits/7/sklearn_01399_7.png,sklearn.load_digits,Real handwritten digit dataset bundled with scikit-learn
sklearn_01400,2,data/raw_digits/2/sklearn_01400_2.png,sklearn.load_digits,Real handwritten digit dataset bundled with scikit-learn
sklearn_01401,8,data/raw_digits/8/sklearn_01401_8.png,sklearn.load_digits,Real handwritten digit dataset bundled with scikit-learn
sklearn_01402,2,data/raw_digits/2/sklearn_01402_2.png,sklearn.load_digits,Real handwritten digit dataset bundled with scikit-learn
sklearn_01403,2,data/raw_digits/2/sklearn_01403_2.png,sklearn.load_digits,Real handwritten digit dataset bundled with scikit-learn
sklearn_01404,5,data/raw_digits/5/sklearn_01404_5.png,sklearn.load_digits,Real handwritten digit dataset bundled with scikit-learn
sklearn_01405,7,data/raw_digits/7/sklearn_01405_7.png,sklearn.load_digits,Real handwritten digit dataset bundled with scikit-learn
sklearn_01406,9,data/raw_digits/9/sklearn_01406_9.png,sklearn.load_digits,Real handwritten digit dataset bundled with scikit-learn
sklearn_01407,5,data/raw_digits/5/sklearn_01407_5.png,sklearn.load_digits,Real handwritten digit dataset bundled with scikit-learn
sklearn_01408,4,data/raw_digits/4/sklearn_01408_4.png,sklearn.load_digits,Real handwritten digit dataset bundled with scikit-learn
sklearn_01409,8,data/raw_digits/8/sklearn_01409_8.png,sklearn.load_digits,Real handwritten digit dataset bundled with scikit-learn
sklearn_01410,8,data/raw_digits/8/sklearn_01410_8.png,sklearn.load_digits,Real handwritten digit dataset bundled with scikit-learn
sklearn_01411,4,data/raw_digits/4/sklearn_01411_4.png,sklearn.load_digits,Real handwritten digit dataset bundled with scikit-learn
sklearn_01412,9,data/raw_digits/9/sklearn_01412_9.png,sklearn.load_digits,Real handwritten digit dataset bundled with scikit-learn
sklearn_01413,0,data/raw_digits/0/sklearn_01413_0.png,sklearn.load_digits,Real handwritten digit dataset bundled with scikit-learn
sklearn_01414,8,data/raw_digits/8/sklearn_01414_8.png,sklearn.load_digits,Real handwritten digit dataset bundled with scikit-learn
sklearn_01415,0,data/raw_digits/0/sklearn_01415_0.png,sklearn.load_digits,Real handwritten digit dataset bundled with scikit-learn
sklearn_01416,1,data/raw_digits/1/sklearn_01416_1.png,sklearn.load_digits,Real handwritten digit dataset bundled with scikit-learn
sklearn_01417,2,data/raw_digits/2/sklearn_01417_2.png,sklearn.load_digits,Real handwritten digit dataset bundled with scikit-learn
sklearn_01418,3,data/raw_digits/3/sklearn_01418_3.png,sklearn.load_digits,Real handwritten digit dataset bundled with scikit-learn
sklearn_01419,4,data/raw_digits/4/sklearn_01419_4.png,sklearn.load_digits,Real handwritten digit dataset bundled with scikit-learn
sklearn_01420,5,data/raw_digits/5/sklearn_01420_5.png,sklearn.load_digits,Real handwritten digit dataset bundled with scikit-learn
sklearn_01421,6,data/raw_digits/6/sklearn_01421_6.png,sklearn.load_digits,Real handwritten digit dataset bundled with scikit-learn
sklearn_01422,7,data/raw_digits/7/sklearn_01422_7.png,sklearn.load_digits,Real handwritten digit dataset bundled with scikit-learn
sklearn_01423,8,data/raw_digits/8/sklearn_01423_8.png,sklearn.load_digits,Real handwritten digit dataset bundled with scikit-learn
sklearn_01424,9,data/raw_digits/9/sklearn_01424_9.png,sklearn.load_digits,Real handwritten digit dataset bundled with scikit-learn
sklearn_01425,0,data/raw_digits/0/sklearn_01425_0.png,sklearn.load_digits,Real handwritten digit dataset bundled with scikit-learn
sklearn_01426,1,data/raw_digits/1/sklearn_01426_1.png,sklearn.load_digits,Real handwritten digit dataset bundled with scikit-learn
sklearn_01427,2,data/raw_digits/2/sklearn_01427_2.png,sklearn.load_digits,Real handwritten digit dataset bundled with scikit-learn
sklearn_01428,3,data/raw_digits/3/sklearn_01428_3.png,sklearn.load_digits,Real handwritten digit dataset bundled with scikit-learn
sklearn_01429,4,data/raw_digits/4/sklearn_01429_4.png,sklearn.load_digits,Real handwritten digit dataset bundled with scikit-learn
sklearn_01430,5,data/raw_digits/5/sklearn_01430_5.png,sklearn.load_digits,Real handwritten digit dataset bundled with scikit-learn
sklearn_01431,6,data/raw_digits/6/sklearn_01431_6.png,sklearn.load_digits,Real handwritten digit dataset bundled with scikit-learn
sklearn_01432,7,data/raw_digits/7/sklearn_01432_7.png,sklearn.load_digits,Real handwritten digit dataset bundled with scikit-learn
sklearn_01433,8,data/raw_digits/8/sklearn_01433_8.png,sklearn.load_digits,Real handwritten digit dataset bundled with scikit-learn
sklearn_01434,9,data/raw_digits/9/sklearn_01434_9.png,sklearn.load_digits,Real handwritten digit dataset bundled with scikit-learn
sklearn_01435,0,data/raw_digits/0/sklearn_01435_0.png,sklearn.load_digits,Real handwritten digit dataset bundled with scikit-learn
sklearn_01436,1,data/raw_digits/1/sklearn_01436_1.png,sklearn.load_digits,Real handwritten digit dataset bundled with scikit-learn
sklearn_01437,2,data/raw_digits/2/sklearn_01437_2.png,sklearn.load_digits,Real handwritten digit dataset bundled with scikit-learn
sklearn_01438,3,data/raw_digits/3/sklearn_01438_3.png,sklearn.load_digits,Real handwritten digit dataset bundled with scikit-learn
sklearn_01439,4,data/raw_digits/4/sklearn_01439_4.png,sklearn.load_digits,Real handwritten digit dataset bundled with scikit-learn
sklearn_01440,5,data/raw_digits/5/sklearn_01440_5.png,sklearn.load_digits,Real handwritten digit dataset bundled with scikit-learn
sklearn_01441,6,data/raw_digits/6/sklearn_01441_6.png,sklearn.load_digits,Real handwritten digit dataset bundled with scikit-learn
sklearn_01442,7,data/raw_digits/7/sklearn_01442_7.png,sklearn.load_digits,Real handwritten digit dataset bundled with scikit-learn
sklearn_01443,8,data/raw_digits/8/sklearn_01443_8.png,sklearn.load_digits,Real handwritten digit dataset bundled with scikit-learn
sklearn_01444,9,data/raw_digits/9/sklearn_01444_9.png,sklearn.load_digits,Real handwritten digit dataset bundled with scikit-learn
sklearn_01445,0,data/raw_digits/0/sklearn_01445_0.png,sklearn.load_digits,Real handwritten digit dataset bundled with scikit-learn
sklearn_01446,9,data/raw_digits/9/sklearn_01446_9.png,sklearn.load_digits,Real handwritten digit dataset bundled with scikit-learn
sklearn_01447,5,data/raw_digits/5/sklearn_01447_5.png,sklearn.load_digits,Real handwritten digit dataset bundled with scikit-learn
sklearn_01448,5,data/raw_digits/5/sklearn_01448_5.png,sklearn.load_digits,Real handwritten digit dataset bundled with scikit-learn
sklearn_01449,6,data/raw_digits/6/sklearn_01449_6.png,sklearn.load_digits,Real handwritten digit dataset bundled with scikit-learn
sklearn_01450,5,data/raw_digits/5/sklearn_01450_5.png,sklearn.load_digits,Real handwritten digit dataset bundled with scikit-learn
sklearn_01451,0,data/raw_digits/0/sklearn_01451_0.png,sklearn.load_digits,Real handwritten digit dataset bundled with scikit-learn
sklearn_01452,9,data/raw_digits/9/sklearn_01452_9.png,sklearn.load_digits,Real handwritten digit dataset bundled with scikit-learn
sklearn_01453,8,data/raw_digits/8/sklearn_01453_8.png,sklearn.load_digits,Real handwritten digit dataset bundled with scikit-learn
sklearn_01454,9,data/raw_digits/9/sklearn_01454_9.png,sklearn.load_digits,Real handwritten digit dataset bundled with scikit-learn
sklearn_01455,8,data/raw_digits/8/sklearn_01455_8.png,sklearn.load_digits,Real handwritten digit dataset bundled with scikit-learn
sklearn_01456,4,data/raw_digits/4/sklearn_01456_4.png,sklearn.load_digits,Real handwritten digit dataset bundled with scikit-learn
sklearn_01457,1,data/raw_digits/1/sklearn_01457_1.png,sklearn.load_digits,Real handwritten digit dataset bundled with scikit-learn
sklearn_01458,7,data/raw_digits/7/sklearn_01458_7.png,sklearn.load_digits,Real handwritten digit dataset bundled with scikit-learn
sklearn_01459,7,data/raw_digits/7/sklearn_01459_7.png,sklearn.load_digits,Real handwritten digit dataset bundled with scikit-learn
sklearn_01460,3,data/raw_digits/3/sklearn_01460_3.png,sklearn.load_digits,Real handwritten digit dataset bundled with scikit-learn
sklearn_01461,5,data/raw_digits/5/sklearn_01461_5.png,sklearn.load_digits,Real handwritten digit dataset bundled with scikit-learn
sklearn_01462,1,data/raw_digits/1/sklearn_01462_1.png,sklearn.load_digits,Real handwritten digit dataset bundled with scikit-learn
sklearn_01463,0,data/raw_digits/0/sklearn_01463_0.png,sklearn.load_digits,Real handwritten digit dataset bundled with scikit-learn
sklearn_01464,0,data/raw_digits/0/sklearn_01464_0.png,sklearn.load_digits,Real handwritten digit dataset bundled with scikit-learn
sklearn_01465,2,data/raw_digits/2/sklearn_01465_2.png,sklearn.load_digits,Real handwritten digit dataset bundled with scikit-learn
sklearn_01466,2,data/raw_digits/2/sklearn_01466_2.png,sklearn.load_digits,Real handwritten digit dataset bundled with scikit-learn
sklearn_01467,7,data/raw_digits/7/sklearn_01467_7.png,sklearn.load_digits,Real handwritten digit dataset bundled with scikit-learn
sklearn_01468,8,data/raw_digits/8/sklearn_01468_8.png,sklearn.load_digits,Real handwritten digit dataset bundled with scikit-learn
sklearn_01469,2,data/raw_digits/2/sklearn_01469_2.png,sklearn.load_digits,Real handwritten digit dataset bundled with scikit-learn
sklearn_01470,0,data/raw_digits/0/sklearn_01470_0.png,sklearn.load_digits,Real handwritten digit dataset bundled with scikit-learn
sklearn_01471,1,data/raw_digits/1/sklearn_01471_1.png,sklearn.load_digits,Real handwritten digit dataset bundled with scikit-learn
sklearn_01472,2,data/raw_digits/2/sklearn_01472_2.png,sklearn.load_digits,Real handwritten digit dataset bundled with scikit-learn
sklearn_01473,6,data/raw_digits/6/sklearn_01473_6.png,sklearn.load_digits,Real handwritten digit dataset bundled with scikit-learn
sklearn_01474,3,data/raw_digits/3/sklearn_01474_3.png,sklearn.load_digits,Real handwritten digit dataset bundled with scikit-learn
sklearn_01475,3,data/raw_digits/3/sklearn_01475_3.png,sklearn.load_digits,Real handwritten digit dataset bundled with scikit-learn
sklearn_01476,7,data/raw_digits/7/sklearn_01476_7.png,sklearn.load_digits,Real handwritten digit dataset bundled with scikit-learn
sklearn_01477,3,data/raw_digits/3/sklearn_01477_3.png,sklearn.load_digits,Real handwritten digit dataset bundled with scikit-learn
sklearn_01478,3,data/raw_digits/3/sklearn_01478_3.png,sklearn.load_digits,Real handwritten digit dataset bundled with scikit-learn
sklearn_01479,4,data/raw_digits/4/sklearn_01479_4.png,sklearn.load_digits,Real handwritten digit dataset bundled with scikit-learn
sklearn_01480,6,data/raw_digits/6/sklearn_01480_6.png,sklearn.load_digits,Real handwritten digit dataset bundled with scikit-learn
sklearn_01481,6,data/raw_digits/6/sklearn_01481_6.png,sklearn.load_digits,Real handwritten digit dataset bundled with scikit-learn
sklearn_01482,6,data/raw_digits/6/sklearn_01482_6.png,sklearn.load_digits,Real handwritten digit dataset bundled with scikit-learn
sklearn_01483,4,data/raw_digits/4/sklearn_01483_4.png,sklearn.load_digits,Real handwritten digit dataset bundled with scikit-learn
sklearn_01484,9,data/raw_digits/9/sklearn_01484_9.png,sklearn.load_digits,Real handwritten digit dataset bundled with scikit-learn
sklearn_01485,1,data/raw_digits/1/sklearn_01485_1.png,sklearn.load_digits,Real handwritten digit dataset bundled with scikit-learn
sklearn_01486,5,data/raw_digits/5/sklearn_01486_5.png,sklearn.load_digits,Real handwritten digit dataset bundled with scikit-learn
sklearn_01487,0,data/raw_digits/0/sklearn_01487_0.png,sklearn.load_digits,Real handwritten digit dataset bundled with scikit-learn
sklearn_01488,9,data/raw_digits/9/sklearn_01488_9.png,sklearn.load_digits,Real handwritten digit dataset bundled with scikit-learn
sklearn_01489,5,data/raw_digits/5/sklearn_01489_5.png,sklearn.load_digits,Real handwritten digit dataset bundled with scikit-learn
sklearn_01490,2,data/raw_digits/2/sklearn_01490_2.png,sklearn.load_digits,Real handwritten digit dataset bundled with scikit-learn
sklearn_01491,8,data/raw_digits/8/sklearn_01491_8.png,sklearn.load_digits,Real handwritten digit dataset bundled with scikit-learn
sklearn_01492,2,data/raw_digits/2/sklearn_01492_2.png,sklearn.load_digits,Real handwritten digit dataset bundled with scikit-learn
sklearn_01493,0,data/raw_digits/0/sklearn_01493_0.png,sklearn.load_digits,Real handwritten digit dataset bundled with scikit-learn
sklearn_01494,0,data/raw_digits/0/sklearn_01494_0.png,sklearn.load_digits,Real handwritten digit dataset bundled with scikit-learn
sklearn_01495,1,data/raw_digits/1/sklearn_01495_1.png,sklearn.load_digits,Real handwritten digit dataset bundled with scikit-learn
sklearn_01496,7,data/raw_digits/7/sklearn_01496_7.png,sklearn.load_digits,Real handwritten digit dataset bundled with scikit-learn
sklearn_01497,6,data/raw_digits/6/sklearn_01497_6.png,sklearn.load_digits,Real handwritten digit dataset bundled with scikit-learn
sklearn_01498,3,data/raw_digits/3/sklearn_01498_3.png,sklearn.load_digits,Real handwritten digit dataset bundled with scikit-learn
sklearn_01499,2,data/raw_digits/2/sklearn_01499_2.png,sklearn.load_digits,Real handwritten digit dataset bundled with scikit-learn
sklearn_01500,1,data/raw_digits/1/sklearn_01500_1.png,sklearn.load_digits,Real handwritten digit dataset bundled with scikit-learn
sklearn_01501,7,data/raw_digits/7/sklearn_01501_7.png,sklearn.load_digits,Real handwritten digit dataset bundled with scikit-learn
sklearn_01502,4,data/raw_digits/4/sklearn_01502_4.png,sklearn.load_digits,Real handwritten digit dataset bundled with scikit-learn
sklearn_01503,6,data/raw_digits/6/sklearn_01503_6.png,sklearn.load_digits,Real handwritten digit dataset bundled with scikit-learn
sklearn_01504,3,data/raw_digits/3/sklearn_01504_3.png,sklearn.load_digits,Real handwritten digit dataset bundled with scikit-learn
sklearn_01505,1,data/raw_digits/1/sklearn_01505_1.png,sklearn.load_digits,Real handwritten digit dataset bundled with scikit-learn
sklearn_01506,3,data/raw_digits/3/sklearn_01506_3.png,sklearn.load_digits,Real handwritten digit dataset bundled with scikit-learn
sklearn_01507,9,data/raw_digits/9/sklearn_01507_9.png,sklearn.load_digits,Real handwritten digit dataset bundled with scikit-learn
sklearn_01508,1,data/raw_digits/1/sklearn_01508_1.png,sklearn.load_digits,Real handwritten digit dataset bundled with scikit-learn
sklearn_01509,7,data/raw_digits/7/sklearn_01509_7.png,sklearn.load_digits,Real handwritten digit dataset bundled with scikit-learn
sklearn_01510,6,data/raw_digits/6/sklearn_01510_6.png,sklearn.load_digits,Real handwritten digit dataset bundled with scikit-learn
sklearn_01511,8,data/raw_digits/8/sklearn_01511_8.png,sklearn.load_digits,Real handwritten digit dataset bundled with scikit-learn
sklearn_01512,4,data/raw_digits/4/sklearn_01512_4.png,sklearn.load_digits,Real handwritten digit dataset bundled with scikit-learn
sklearn_01513,3,data/raw_digits/3/sklearn_01513_3.png,sklearn.load_digits,Real handwritten digit dataset bundled with scikit-learn
sklearn_01514,1,data/raw_digits/1/sklearn_01514_1.png,sklearn.load_digits,Real handwritten digit dataset bundled with scikit-learn
sklearn_01515,4,data/raw_digits/4/sklearn_01515_4.png,sklearn.load_digits,Real handwritten digit dataset bundled with scikit-learn
sklearn_01516,0,data/raw_digits/0/sklearn_01516_0.png,sklearn.load_digits,Real handwritten digit dataset bundled with scikit-learn
sklearn_01517,5,data/raw_digits/5/sklearn_01517_5.png,sklearn.load_digits,Real handwritten digit dataset bundled with scikit-learn
sklearn_01518,3,data/raw_digits/3/sklearn_01518_3.png,sklearn.load_digits,Real handwritten digit dataset bundled with scikit-learn
sklearn_01519,6,data/raw_digits/6/sklearn_01519_6.png,sklearn.load_digits,Real handwritten digit dataset bundled with scikit-learn
sklearn_01520,9,data/raw_digits/9/sklearn_01520_9.png,sklearn.load_digits,Real handwritten digit dataset bundled with scikit-learn
sklearn_01521,6,data/raw_digits/6/sklearn_01521_6.png,sklearn.load_digits,Real handwritten digit dataset bundled with scikit-learn
sklearn_01522,1,data/raw_digits/1/sklearn_01522_1.png,sklearn.load_digits,Real handwritten digit dataset bundled with scikit-learn
sklearn_01523,7,data/raw_digits/7/sklearn_01523_7.png,sklearn.load_digits,Real handwritten digit dataset bundled with scikit-learn
sklearn_01524,5,data/raw_digits/5/sklearn_01524_5.png,sklearn.load_digits,Real handwritten digit dataset bundled with scikit-learn
sklearn_01525,4,data/raw_digits/4/sklearn_01525_4.png,sklearn.load_digits,Real handwritten digit dataset bundled with scikit-learn
sklearn_01526,4,data/raw_digits/4/sklearn_01526_4.png,sklearn.load_digits,Real handwritten digit dataset bundled with scikit-learn
sklearn_01527,7,data/raw_digits/7/sklearn_01527_7.png,sklearn.load_digits,Real handwritten digit dataset bundled with scikit-learn
sklearn_01528,2,data/raw_digits/2/sklearn_01528_2.png,sklearn.load_digits,Real handwritten digit dataset bundled with scikit-learn
sklearn_01529,8,data/raw_digits/8/sklearn_01529_8.png,sklearn.load_digits,Real handwritten digit dataset bundled with scikit-learn
sklearn_01530,2,data/raw_digits/2/sklearn_01530_2.png,sklearn.load_digits,Real handwritten digit dataset bundled with scikit-learn
sklearn_01531,2,data/raw_digits/2/sklearn_01531_2.png,sklearn.load_digits,Real handwritten digit dataset bundled with scikit-learn
sklearn_01532,5,data/raw_digits/5/sklearn_01532_5.png,sklearn.load_digits,Real handwritten digit dataset bundled with scikit-learn
sklearn_01533,7,data/raw_digits/7/sklearn_01533_7.png,sklearn.load_digits,Real handwritten digit dataset bundled with scikit-learn
sklearn_01534,9,data/raw_digits/9/sklearn_01534_9.png,sklearn.load_digits,Real handwritten digit dataset bundled with scikit-learn
sklearn_01535,5,data/raw_digits/5/sklearn_01535_5.png,sklearn.load_digits,Real handwritten digit dataset bundled with scikit-learn
sklearn_01536,4,data/raw_digits/4/sklearn_01536_4.png,sklearn.load_digits,Real handwritten digit dataset bundled with scikit-learn
sklearn_01537,8,data/raw_digits/8/sklearn_01537_8.png,sklearn.load_digits,Real handwritten digit dataset bundled with scikit-learn
sklearn_01538,8,data/raw_digits/8/sklearn_01538_8.png,sklearn.load_digits,Real handwritten digit dataset bundled with scikit-learn
sklearn_01539,4,data/raw_digits/4/sklearn_01539_4.png,sklearn.load_digits,Real handwritten digit dataset bundled with scikit-learn
sklearn_01540,9,data/raw_digits/9/sklearn_01540_9.png,sklearn.load_digits,Real handwritten digit dataset bundled with scikit-learn
sklearn_01541,0,data/raw_digits/0/sklearn_01541_0.png,sklearn.load_digits,Real handwritten digit dataset bundled with scikit-learn
sklearn_01542,8,data/raw_digits/8/sklearn_01542_8.png,sklearn.load_digits,Real handwritten digit dataset bundled with scikit-learn
sklearn_01543,9,data/raw_digits/9/sklearn_01543_9.png,sklearn.load_digits,Real handwritten digit dataset bundled with scikit-learn
sklearn_01544,8,data/raw_digits/8/sklearn_01544_8.png,sklearn.load_digits,Real handwritten digit dataset bundled with scikit-learn
sklearn_01545,0,data/raw_digits/0/sklearn_01545_0.png,sklearn.load_digits,Real handwritten digit dataset bundled with scikit-learn
sklearn_01546,1,data/raw_digits/1/sklearn_01546_1.png,sklearn.load_digits,Real handwritten digit dataset bundled with scikit-learn
sklearn_01547,2,data/raw_digits/2/sklearn_01547_2.png,sklearn.load_digits,Real handwritten digit dataset bundled with scikit-learn
sklearn_01548,3,data/raw_digits/3/sklearn_01548_3.png,sklearn.load_digits,Real handwritten digit dataset bundled with scikit-learn
sklearn_01549,4,data/raw_digits/4/sklearn_01549_4.png,sklearn.load_digits,Real handwritten digit dataset bundled with scikit-learn
sklearn_01550,5,data/raw_digits/5/sklearn_01550_5.png,sklearn.load_digits,Real handwritten digit dataset bundled with scikit-learn
sklearn_01551,6,data/raw_digits/6/sklearn_01551_6.png,sklearn.load_digits,Real handwritten digit dataset bundled with scikit-learn
sklearn_01552,7,data/raw_digits/7/sklearn_01552_7.png,sklearn.load_digits,Real handwritten digit dataset bundled with scikit-learn
sklearn_01553,8,data/raw_digits/8/sklearn_01553_8.png,sklearn.load_digits,Real handwritten digit dataset bundled with scikit-learn
sklearn_01554,9,data/raw_digits/9/sklearn_01554_9.png,sklearn.load_digits,Real handwritten digit dataset bundled with scikit-learn
sklearn_01555,0,data/raw_digits/0/sklearn_01555_0.png,sklearn.load_digits,Real handwritten digit dataset bundled with scikit-learn
sklearn_01556,1,data/raw_digits/1/sklearn_01556_1.png,sklearn.load_digits,Real handwritten digit dataset bundled with scikit-learn
sklearn_01557,2,data/raw_digits/2/sklearn_01557_2.png,sklearn.load_digits,Real handwritten digit dataset bundled with scikit-learn
sklearn_01558,3,data/raw_digits/3/sklearn_01558_3.png,sklearn.load_digits,Real handwritten digit dataset bundled with scikit-learn
sklearn_01559,4,data/raw_digits/4/sklearn_01559_4.png,sklearn.load_digits,Real handwritten digit dataset bundled with scikit-learn
sklearn_01560,5,data/raw_digits/5/sklearn_01560_5.png,sklearn.load_digits,Real handwritten digit dataset bundled with scikit-learn
sklearn_01561,6,data/raw_digits/6/sklearn_01561_6.png,sklearn.load_digits,Real handwritten digit dataset bundled with scikit-learn
sklearn_01562,9,data/raw_digits/9/sklearn_01562_9.png,sklearn.load_digits,Real handwritten digit dataset bundled with scikit-learn
sklearn_01563,0,data/raw_digits/0/sklearn_01563_0.png,sklearn.load_digits,Real handwritten digit dataset bundled with scikit-learn
sklearn_01564,1,data/raw_digits/1/sklearn_01564_1.png,sklearn.load_digits,Real handwritten digit dataset bundled with scikit-learn
sklearn_01565,2,data/raw_digits/2/sklearn_01565_2.png,sklearn.load_digits,Real handwritten digit dataset bundled with scikit-learn
sklearn_01566,3,data/raw_digits/3/sklearn_01566_3.png,sklearn.load_digits,Real handwritten digit dataset bundled with scikit-learn
sklearn_01567,4,data/raw_digits/4/sklearn_01567_4.png,sklearn.load_digits,Real handwritten digit dataset bundled with scikit-learn
sklearn_01568,5,data/raw_digits/5/sklearn_01568_5.png,sklearn.load_digits,Real handwritten digit dataset bundled with scikit-learn
sklearn_01569,6,data/raw_digits/6/sklearn_01569_6.png,sklearn.load_digits,Real handwritten digit dataset bundled with scikit-learn
sklearn_01570,7,data/raw_digits/7/sklearn_01570_7.png,sklearn.load_digits,Real handwritten digit dataset bundled with scikit-learn
sklearn_01571,8,data/raw_digits/8/sklearn_01571_8.png,sklearn.load_digits,Real handwritten digit dataset bundled with scikit-learn
sklearn_01572,9,data/raw_digits/9/sklearn_01572_9.png,sklearn.load_digits,Real handwritten digit dataset bundled with scikit-learn
sklearn_01573,0,data/raw_digits/0/sklearn_01573_0.png,sklearn.load_digits,Real handwritten digit dataset bundled with scikit-learn
sklearn_01574,9,data/raw_digits/9/sklearn_01574_9.png,sklearn.load_digits,Real handwritten digit dataset bundled with scikit-learn
sklearn_01575,5,data/raw_digits/5/sklearn_01575_5.png,sklearn.load_digits,Real handwritten digit dataset bundled with scikit-learn
sklearn_01576,5,data/raw_digits/5/sklearn_01576_5.png,sklearn.load_digits,Real handwritten digit dataset bundled with scikit-learn
sklearn_01577,6,data/raw_digits/6/sklearn_01577_6.png,sklearn.load_digits,Real handwritten digit dataset bundled with scikit-learn
sklearn_01578,5,data/raw_digits/5/sklearn_01578_5.png,sklearn.load_digits,Real handwritten digit dataset bundled with scikit-learn
sklearn_01579,0,data/raw_digits/0/sklearn_01579_0.png,sklearn.load_digits,Real handwritten digit dataset bundled with scikit-learn
sklearn_01580,9,data/raw_digits/9/sklearn_01580_9.png,sklearn.load_digits,Real handwritten digit dataset bundled with scikit-learn
sklearn_01581,8,data/raw_digits/8/sklearn_01581_8.png,sklearn.load_digits,Real handwritten digit dataset bundled with scikit-learn
sklearn_01582,9,data/raw_digits/9/sklearn_01582_9.png,sklearn.load_digits,Real handwritten digit dataset bundled with scikit-learn
sklearn_01583,8,data/raw_digits/8/sklearn_01583_8.png,sklearn.load_digits,Real handwritten digit dataset bundled with scikit-learn
sklearn_01584,4,data/raw_digits/4/sklearn_01584_4.png,sklearn.load_digits,Real handwritten digit dataset bundled with scikit-learn
sklearn_01585,1,data/raw_digits/1/sklearn_01585_1.png,sklearn.load_digits,Real handwritten digit dataset bundled with scikit-learn
sklearn_01586,7,data/raw_digits/7/sklearn_01586_7.png,sklearn.load_digits,Real handwritten digit dataset bundled with scikit-learn
sklearn_01587,7,data/raw_digits/7/sklearn_01587_7.png,sklearn.load_digits,Real handwritten digit dataset bundled with scikit-learn
sklearn_01588,3,data/raw_digits/3/sklearn_01588_3.png,sklearn.load_digits,Real handwritten digit dataset bundled with scikit-learn
sklearn_01589,5,data/raw_digits/5/sklearn_01589_5.png,sklearn.load_digits,Real handwritten digit dataset bundled with scikit-learn
sklearn_01590,1,data/raw_digits/1/sklearn_01590_1.png,sklearn.load_digits,Real handwritten digit dataset bundled with scikit-learn
sklearn_01591,0,data/raw_digits/0/sklearn_01591_0.png,sklearn.load_digits,Real handwritten digit dataset bundled with scikit-learn
sklearn_01592,0,data/raw_digits/0/sklearn_01592_0.png,sklearn.load_digits,Real handwritten digit dataset bundled with scikit-learn
sklearn_01593,2,data/raw_digits/2/sklearn_01593_2.png,sklearn.load_digits,Real handwritten digit dataset bundled with scikit-learn
sklearn_01594,2,data/raw_digits/2/sklearn_01594_2.png,sklearn.load_digits,Real handwritten digit dataset bundled with scikit-learn
sklearn_01595,7,data/raw_digits/7/sklearn_01595_7.png,sklearn.load_digits,Real handwritten digit dataset bundled with scikit-learn
sklearn_01596,8,data/raw_digits/8/sklearn_01596_8.png,sklearn.load_digits,Real handwritten digit dataset bundled with scikit-learn
sklearn_01597,2,data/raw_digits/2/sklearn_01597_2.png,sklearn.load_digits,Real handwritten digit dataset bundled with scikit-learn
sklearn_01598,0,data/raw_digits/0/sklearn_01598_0.png,sklearn.load_digits,Real handwritten digit dataset bundled with scikit-learn
sklearn_01599,1,data/raw_digits/1/sklearn_01599_1.png,sklearn.load_digits,Real handwritten digit dataset bundled with scikit-learn
sklearn_01600,2,data/raw_digits/2/sklearn_01600_2.png,sklearn.load_digits,Real handwritten digit dataset bundled with scikit-learn
sklearn_01601,6,data/raw_digits/6/sklearn_01601_6.png,sklearn.load_digits,Real handwritten digit dataset bundled with scikit-learn
sklearn_01602,3,data/raw_digits/3/sklearn_01602_3.png,sklearn.load_digits,Real handwritten digit dataset bundled with scikit-learn
sklearn_01603,3,data/raw_digits/3/sklearn_01603_3.png,sklearn.load_digits,Real handwritten digit dataset bundled with scikit-learn
sklearn_01604,7,data/raw_digits/7/sklearn_01604_7.png,sklearn.load_digits,Real handwritten digit dataset bundled with scikit-learn
sklearn_01605,3,data/raw_digits/3/sklearn_01605_3.png,sklearn.load_digits,Real handwritten digit dataset bundled with scikit-learn
sklearn_01606,3,data/raw_digits/3/sklearn_01606_3.png,sklearn.load_digits,Real handwritten digit dataset bundled with scikit-learn
sklearn_01607,4,data/raw_digits/4/sklearn_01607_4.png,sklearn.load_digits,Real handwritten digit dataset bundled with scikit-learn
sklearn_01608,6,data/raw_digits/6/sklearn_01608_6.png,sklearn.load_digits,Real handwritten digit dataset bundled with scikit-learn
sklearn_01609,6,data/raw_digits/6/sklearn_01609_6.png,sklearn.load_digits,Real handwritten digit dataset bundled with scikit-learn
sklearn_01610,6,data/raw_digits/6/sklearn_01610_6.png,sklearn.load_digits,Real handwritten digit dataset bundled with scikit-learn
sklearn_01611,4,data/raw_digits/4/sklearn_01611_4.png,sklearn.load_digits,Real handwritten digit dataset bundled with scikit-learn
sklearn_01612,9,data/raw_digits/9/sklearn_01612_9.png,sklearn.load_digits,Real handwritten digit dataset bundled with scikit-learn
sklearn_01613,1,data/raw_digits/1/sklearn_01613_1.png,sklearn.load_digits,Real handwritten digit dataset bundled with scikit-learn
sklearn_01614,5,data/raw_digits/5/sklearn_01614_5.png,sklearn.load_digits,Real handwritten digit dataset bundled with scikit-learn
sklearn_01615,0,data/raw_digits/0/sklearn_01615_0.png,sklearn.load_digits,Real handwritten digit dataset bundled with scikit-learn
sklearn_01616,9,data/raw_digits/9/sklearn_01616_9.png,sklearn.load_digits,Real handwritten digit dataset bundled with scikit-learn
sklearn_01617,5,data/raw_digits/5/sklearn_01617_5.png,sklearn.load_digits,Real handwritten digit dataset bundled with scikit-learn
sklearn_01618,2,data/raw_digits/2/sklearn_01618_2.png,sklearn.load_digits,Real handwritten digit dataset bundled with scikit-learn
sklearn_01619,8,data/raw_digits/8/sklearn_01619_8.png,sklearn.load_digits,Real handwritten digit dataset bundled with scikit-learn
sklearn_01620,0,data/raw_digits/0/sklearn_01620_0.png,sklearn.load_digits,Real handwritten digit dataset bundled with scikit-learn
sklearn_01621,1,data/raw_digits/1/sklearn_01621_1.png,sklearn.load_digits,Real handwritten digit dataset bundled with scikit-learn
sklearn_01622,7,data/raw_digits/7/sklearn_01622_7.png,sklearn.load_digits,Real handwritten digit dataset bundled with scikit-learn
sklearn_01623,6,data/raw_digits/6/sklearn_01623_6.png,sklearn.load_digits,Real handwritten digit dataset bundled with scikit-learn
sklearn_01624,3,data/raw_digits/3/sklearn_01624_3.png,sklearn.load_digits,Real handwritten digit dataset bundled with scikit-learn
sklearn_01625,2,data/raw_digits/2/sklearn_01625_2.png,sklearn.load_digits,Real handwritten digit dataset bundled with scikit-learn
sklearn_01626,1,data/raw_digits/1/sklearn_01626_1.png,sklearn.load_digits,Real handwritten digit dataset bundled with scikit-learn
sklearn_01627,7,data/raw_digits/7/sklearn_01627_7.png,sklearn.load_digits,Real handwritten digit dataset bundled with scikit-learn
sklearn_01628,4,data/raw_digits/4/sklearn_01628_4.png,sklearn.load_digits,Real handwritten digit dataset bundled with scikit-learn
sklearn_01629,6,data/raw_digits/6/sklearn_01629_6.png,sklearn.load_digits,Real handwritten digit dataset bundled with scikit-learn
sklearn_01630,3,data/raw_digits/3/sklearn_01630_3.png,sklearn.load_digits,Real handwritten digit dataset bundled with scikit-learn
sklearn_01631,1,data/raw_digits/1/sklearn_01631_1.png,sklearn.load_digits,Real handwritten digit dataset bundled with scikit-learn
sklearn_01632,3,data/raw_digits/3/sklearn_01632_3.png,sklearn.load_digits,Real handwritten digit dataset bundled with scikit-learn
sklearn_01633,9,data/raw_digits/9/sklearn_01633_9.png,sklearn.load_digits,Real handwritten digit dataset bundled with scikit-learn
sklearn_01634,1,data/raw_digits/1/sklearn_01634_1.png,sklearn.load_digits,Real handwritten digit dataset bundled with scikit-learn
sklearn_01635,7,data/raw_digits/7/sklearn_01635_7.png,sklearn.load_digits,Real handwritten digit dataset bundled with scikit-learn
sklearn_01636,6,data/raw_digits/6/sklearn_01636_6.png,sklearn.load_digits,Real handwritten digit dataset bundled with scikit-learn
sklearn_01637,8,data/raw_digits/8/sklearn_01637_8.png,sklearn.load_digits,Real handwritten digit dataset bundled with scikit-learn
sklearn_01638,4,data/raw_digits/4/sklearn_01638_4.png,sklearn.load_digits,Real handwritten digit dataset bundled with scikit-learn
sklearn_01639,3,data/raw_digits/3/sklearn_01639_3.png,sklearn.load_digits,Real handwritten digit dataset bundled with scikit-learn
sklearn_01640,1,data/raw_digits/1/sklearn_01640_1.png,sklearn.load_digits,Real handwritten digit dataset bundled with scikit-learn
sklearn_01641,4,data/raw_digits/4/sklearn_01641_4.png,sklearn.load_digits,Real handwritten digit dataset bundled with scikit-learn
sklearn_01642,0,data/raw_digits/0/sklearn_01642_0.png,sklearn.load_digits,Real handwritten digit dataset bundled with scikit-learn
sklearn_01643,5,data/raw_digits/5/sklearn_01643_5.png,sklearn.load_digits,Real handwritten digit dataset bundled with scikit-learn
sklearn_01644,3,data/raw_digits/3/sklearn_01644_3.png,sklearn.load_digits,Real handwritten digit dataset bundled with scikit-learn
sklearn_01645,6,data/raw_digits/6/sklearn_01645_6.png,sklearn.load_digits,Real handwritten digit dataset bundled with scikit-learn
sklearn_01646,9,data/raw_digits/9/sklearn_01646_9.png,sklearn.load_digits,Real handwritten digit dataset bundled with scikit-learn
sklearn_01647,6,data/raw_digits/6/sklearn_01647_6.png,sklearn.load_digits,Real handwritten digit dataset bundled with scikit-learn
sklearn_01648,1,data/raw_digits/1/sklearn_01648_1.png,sklearn.load_digits,Real handwritten digit dataset bundled with scikit-learn
sklearn_01649,7,data/raw_digits/7/sklearn_01649_7.png,sklearn.load_digits,Real handwritten digit dataset bundled with scikit-learn
sklearn_01650,5,data/raw_digits/5/sklearn_01650_5.png,sklearn.load_digits,Real handwritten digit dataset bundled with scikit-learn
sklearn_01651,4,data/raw_digits/4/sklearn_01651_4.png,sklearn.load_digits,Real handwritten digit dataset bundled with scikit-learn
sklearn_01652,4,data/raw_digits/4/sklearn_01652_4.png,sklearn.load_digits,Real handwritten digit dataset bundled with scikit-learn
sklearn_01653,7,data/raw_digits/7/sklearn_01653_7.png,sklearn.load_digits,Real handwritten digit dataset bundled with scikit-learn
sklearn_01654,2,data/raw_digits/2/sklearn_01654_2.png,sklearn.load_digits,Real handwritten digit dataset bundled with scikit-learn
sklearn_01655,2,data/raw_digits/2/sklearn_01655_2.png,sklearn.load_digits,Real handwritten digit dataset bundled with scikit-learn
sklearn_01656,5,data/raw_digits/5/sklearn_01656_5.png,sklearn.load_digits,Real handwritten digit dataset bundled with scikit-learn
sklearn_01657,7,data/raw_digits/7/sklearn_01657_7.png,sklearn.load_digits,Real handwritten digit dataset bundled with scikit-learn
sklearn_01658,9,data/raw_digits/9/sklearn_01658_9.png,sklearn.load_digits,Real handwritten digit dataset bundled with scikit-learn
sklearn_01659,5,data/raw_digits/5/sklearn_01659_5.png,sklearn.load_digits,Real handwritten digit dataset bundled with scikit-learn
sklearn_01660,4,data/raw_digits/4/sklearn_01660_4.png,sklearn.load_digits,Real handwritten digit dataset bundled with scikit-learn
sklearn_01661,4,data/raw_digits/4/sklearn_01661_4.png,sklearn.load_digits,Real handwritten digit dataset bundled with scikit-learn
sklearn_01662,9,data/raw_digits/9/sklearn_01662_9.png,sklearn.load_digits,Real handwritten digit dataset bundled with scikit-learn
sklearn_01663,0,data/raw_digits/0/sklearn_01663_0.png,sklearn.load_digits,Real handwritten digit dataset bundled with scikit-learn
sklearn_01664,8,data/raw_digits/8/sklearn_01664_8.png,sklearn.load_digits,Real handwritten digit dataset bundled with scikit-learn
sklearn_01665,9,data/raw_digits/9/sklearn_01665_9.png,sklearn.load_digits,Real handwritten digit dataset bundled with scikit-learn
sklearn_01666,8,data/raw_digits/8/sklearn_01666_8.png,sklearn.load_digits,Real handwritten digit dataset bundled with scikit-learn
sklearn_01667,0,data/raw_digits/0/sklearn_01667_0.png,sklearn.load_digits,Real handwritten digit dataset bundled with scikit-learn
sklearn_01668,1,data/raw_digits/1/sklearn_01668_1.png,sklearn.load_digits,Real handwritten digit dataset bundled with scikit-learn
sklearn_01669,2,data/raw_digits/2/sklearn_01669_2.png,sklearn.load_digits,Real handwritten digit dataset bundled with scikit-learn
sklearn_01670,3,data/raw_digits/3/sklearn_01670_3.png,sklearn.load_digits,Real handwritten digit dataset bundled with scikit-learn
sklearn_01671,4,data/raw_digits/4/sklearn_01671_4.png,sklearn.load_digits,Real handwritten digit dataset bundled with scikit-learn
sklearn_01672,5,data/raw_digits/5/sklearn_01672_5.png,sklearn.load_digits,Real handwritten digit dataset bundled with scikit-learn
sklearn_01673,6,data/raw_digits/6/sklearn_01673_6.png,sklearn.load_digits,Real handwritten digit dataset bundled with scikit-learn
sklearn_01674,7,data/raw_digits/7/sklearn_01674_7.png,sklearn.load_digits,Real handwritten digit dataset bundled with scikit-learn
sklearn_01675,8,data/raw_digits/8/sklearn_01675_8.png,sklearn.load_digits,Real handwritten digit dataset bundled with scikit-learn
sklearn_01676,9,data/raw_digits/9/sklearn_01676_9.png,sklearn.load_digits,Real handwritten digit dataset bundled with scikit-learn
sklearn_01677,0,data/raw_digits/0/sklearn_01677_0.png,sklearn.load_digits,Real handwritten digit dataset bundled with scikit-learn
sklearn_01678,1,data/raw_digits/1/sklearn_01678_1.png,sklearn.load_digits,Real handwritten digit dataset bundled with scikit-learn
sklearn_01679,2,data/raw_digits/2/sklearn_01679_2.png,sklearn.load_digits,Real handwritten digit dataset bundled with scikit-learn
sklearn_01680,3,data/raw_digits/3/sklearn_01680_3.png,sklearn.load_digits,Real handwritten digit dataset bundled with scikit-learn
sklearn_01681,4,data/raw_digits/4/sklearn_01681_4.png,sklearn.load_digits,Real handwritten digit dataset bundled with scikit-learn
sklearn_01682,5,data/raw_digits/5/sklearn_01682_5.png,sklearn.load_digits,Real handwritten digit dataset bundled with scikit-learn
sklearn_01683,6,data/raw_digits/6/sklearn_01683_6.png,sklearn.load_digits,Real handwritten digit dataset bundled with scikit-learn
sklearn_01684,7,data/raw_digits/7/sklearn_01684_7.png,sklearn.load_digits,Real handwritten digit dataset bundled with scikit-learn
sklearn_01685,8,data/raw_digits/8/sklearn_01685_8.png,sklearn.load_digits,Real handwritten digit dataset bundled with scikit-learn
sklearn_01686,9,data/raw_digits/9/sklearn_01686_9.png,sklearn.load_digits,Real handwritten digit dataset bundled with scikit-learn
sklearn_01687,0,data/raw_digits/0/sklearn_01687_0.png,sklearn.load_digits,Real handwritten digit dataset bundled with scikit-learn
sklearn_01688,1,data/raw_digits/1/sklearn_01688_1.png,sklearn.load_digits,Real handwritten digit dataset bundled with scikit-learn
sklearn_01689,2,data/raw_digits/2/sklearn_01689_2.png,sklearn.load_digits,Real handwritten digit dataset bundled with scikit-learn
sklearn_01690,3,data/raw_digits/3/sklearn_01690_3.png,sklearn.load_digits,Real handwritten digit dataset bundled with scikit-learn
sklearn_01691,4,data/raw_digits/4/sklearn_01691_4.png,sklearn.load_digits,Real handwritten digit dataset bundled with scikit-learn
sklearn_01692,5,data/raw_digits/5/sklearn_01692_5.png,sklearn.load_digits,Real handwritten digit dataset bundled with scikit-learn
sklearn_01693,6,data/raw_digits/6/sklearn_01693_6.png,sklearn.load_digits,Real handwritten digit dataset bundled with scikit-learn
sklearn_01694,7,data/raw_digits/7/sklearn_01694_7.png,sklearn.load_digits,Real handwritten digit dataset bundled with scikit-learn
sklearn_01695,8,data/raw_digits/8/sklearn_01695_8.png,sklearn.load_digits,Real handwritten digit dataset bundled with scikit-learn
sklearn_01696,9,data/raw_digits/9/sklearn_01696_9.png,sklearn.load_digits,Real handwritten digit dataset bundled with scikit-learn
sklearn_01697,0,data/raw_digits/0/sklearn_01697_0.png,sklearn.load_digits,Real handwritten digit dataset bundled with scikit-learn
sklearn_01698,9,data/raw_digits/9/sklearn_01698_9.png,sklearn.load_digits,Real handwritten digit dataset bundled with scikit-learn
sklearn_01699,5,data/raw_digits/5/sklearn_01699_5.png,sklearn.load_digits,Real handwritten digit dataset bundled with scikit-learn
sklearn_01700,5,data/raw_digits/5/sklearn_01700_5.png,sklearn.load_digits,Real handwritten digit dataset bundled with scikit-learn
sklearn_01701,6,data/raw_digits/6/sklearn_01701_6.png,sklearn.load_digits,Real handwritten digit dataset bundled with scikit-learn
sklearn_01702,5,data/raw_digits/5/sklearn_01702_5.png,sklearn.load_digits,Real handwritten digit dataset bundled with scikit-learn
sklearn_01703,0,data/raw_digits/0/sklearn_01703_0.png,sklearn.load_digits,Real handwritten digit dataset bundled with scikit-learn
sklearn_01704,9,data/raw_digits/9/sklearn_01704_9.png,sklearn.load_digits,Real handwritten digit dataset bundled with scikit-learn
sklearn_01705,8,data/raw_digits/8/sklearn_01705_8.png,sklearn.load_digits,Real handwritten digit dataset bundled with scikit-learn
sklearn_01706,9,data/raw_digits/9/sklearn_01706_9.png,sklearn.load_digits,Real handwritten digit dataset bundled with scikit-learn
sklearn_01707,8,data/raw_digits/8/sklearn_01707_8.png,sklearn.load_digits,Real handwritten digit dataset bundled with scikit-learn
sklearn_01708,4,data/raw_digits/4/sklearn_01708_4.png,sklearn.load_digits,Real handwritten digit dataset bundled with scikit-learn
sklearn_01709,1,data/raw_digits/1/sklearn_01709_1.png,sklearn.load_digits,Real handwritten digit dataset bundled with scikit-learn
sklearn_01710,7,data/raw_digits/7/sklearn_01710_7.png,sklearn.load_digits,Real handwritten digit dataset bundled with scikit-learn
sklearn_01711,7,data/raw_digits/7/sklearn_01711_7.png,sklearn.load_digits,Real handwritten digit dataset bundled with scikit-learn
sklearn_01712,3,data/raw_digits/3/sklearn_01712_3.png,sklearn.load_digits,Real handwritten digit dataset bundled with scikit-learn
sklearn_01713,5,data/raw_digits/5/sklearn_01713_5.png,sklearn.load_digits,Real handwritten digit dataset bundled with scikit-learn
sklearn_01714,1,data/raw_digits/1/sklearn_01714_1.png,sklearn.load_digits,Real handwritten digit dataset bundled with scikit-learn
sklearn_01715,0,data/raw_digits/0/sklearn_01715_0.png,sklearn.load_digits,Real handwritten digit dataset bundled with scikit-learn
sklearn_01716,0,data/raw_digits/0/sklearn_01716_0.png,sklearn.load_digits,Real handwritten digit dataset bundled with scikit-learn
sklearn_01717,2,data/raw_digits/2/sklearn_01717_2.png,sklearn.load_digits,Real handwritten digit dataset bundled with scikit-learn
sklearn_01718,2,data/raw_digits/2/sklearn_01718_2.png,sklearn.load_digits,Real handwritten digit dataset bundled with scikit-learn
sklearn_01719,7,data/raw_digits/7/sklearn_01719_7.png,sklearn.load_digits,Real handwritten digit dataset bundled with scikit-learn
sklearn_01720,8,data/raw_digits/8/sklearn_01720_8.png,sklearn.load_digits,Real handwritten digit dataset bundled with scikit-learn
sklearn_01721,2,data/raw_digits/2/sklearn_01721_2.png,sklearn.load_digits,Real handwritten digit dataset bundled with scikit-learn
sklearn_01722,0,data/raw_digits/0/sklearn_01722_0.png,sklearn.load_digits,Real handwritten digit dataset bundled with scikit-learn
sklearn_01723,1,data/raw_digits/1/sklearn_01723_1.png,sklearn.load_digits,Real handwritten digit dataset bundled with scikit-learn
sklearn_01724,2,data/raw_digits/2/sklearn_01724_2.png,sklearn.load_digits,Real handwritten digit dataset bundled with scikit-learn
sklearn_01725,6,data/raw_digits/6/sklearn_01725_6.png,sklearn.load_digits,Real handwritten digit dataset bundled with scikit-learn
sklearn_01726,3,data/raw_digits/3/sklearn_01726_3.png,sklearn.load_digits,Real handwritten digit dataset bundled with scikit-learn
sklearn_01727,3,data/raw_digits/3/sklearn_01727_3.png,sklearn.load_digits,Real handwritten digit dataset bundled with scikit-learn
sklearn_01728,7,data/raw_digits/7/sklearn_01728_7.png,sklearn.load_digits,Real handwritten digit dataset bundled with scikit-learn
sklearn_01729,3,data/raw_digits/3/sklearn_01729_3.png,sklearn.load_digits,Real handwritten digit dataset bundled with scikit-learn
sklearn_01730,3,data/raw_digits/3/sklearn_01730_3.png,sklearn.load_digits,Real handwritten digit dataset bundled with scikit-learn
sklearn_01731,4,data/raw_digits/4/sklearn_01731_4.png,sklearn.load_digits,Real handwritten digit dataset bundled with scikit-learn
sklearn_01732,6,data/raw_digits/6/sklearn_01732_6.png,sklearn.load_digits,Real handwritten digit dataset bundled with scikit-learn
sklearn_01733,6,data/raw_digits/6/sklearn_01733_6.png,sklearn.load_digits,Real handwritten digit dataset bundled with scikit-learn
sklearn_01734,6,data/raw_digits/6/sklearn_01734_6.png,sklearn.load_digits,Real handwritten digit dataset bundled with scikit-learn
sklearn_01735,4,data/raw_digits/4/sklearn_01735_4.png,sklearn.load_digits,Real handwritten digit dataset bundled with scikit-learn
sklearn_01736,9,data/raw_digits/9/sklearn_01736_9.png,sklearn.load_digits,Real handwritten digit dataset bundled with scikit-learn
sklearn_01737,1,data/raw_digits/1/sklearn_01737_1.png,sklearn.load_digits,Real handwritten digit dataset bundled with scikit-learn
sklearn_01738,5,data/raw_digits/5/sklearn_01738_5.png,sklearn.load_digits,Real handwritten digit dataset bundled with scikit-learn
sklearn_01739,0,data/raw_digits/0/sklearn_01739_0.png,sklearn.load_digits,Real handwritten digit dataset bundled with scikit-learn
sklearn_01740,9,data/raw_digits/9/sklearn_01740_9.png,sklearn.load_digits,Real handwritten digit dataset bundled with scikit-learn
sklearn_01741,5,data/raw_digits/5/sklearn_01741_5.png,sklearn.load_digits,Real handwritten digit dataset bundled with scikit-learn
sklearn_01742,2,data/raw_digits/2/sklearn_01742_2.png,sklearn.load_digits,Real handwritten digit dataset bundled with scikit-learn
sklearn_01743,8,data/raw_digits/8/sklearn_01743_8.png,sklearn.load_digits,Real handwritten digit dataset bundled with scikit-learn
sklearn_01744,2,data/raw_digits/2/sklearn_01744_2.png,sklearn.load_digits,Real handwritten digit dataset bundled with scikit-learn
sklearn_01745,0,data/raw_digits/0/sklearn_01745_0.png,sklearn.load_digits,Real handwritten digit dataset bundled with scikit-learn
sklearn_01746,0,data/raw_digits/0/sklearn_01746_0.png,sklearn.load_digits,Real handwritten digit dataset bundled with scikit-learn
sklearn_01747,1,data/raw_digits/1/sklearn_01747_1.png,sklearn.load_digits,Real handwritten digit dataset bundled with scikit-learn
sklearn_01748,7,data/raw_digits/7/sklearn_01748_7.png,sklearn.load_digits,Real handwritten digit dataset bundled with scikit-learn
sklearn_01749,6,data/raw_digits/6/sklearn_01749_6.png,sklearn.load_digits,Real handwritten digit dataset bundled with scikit-learn
sklearn_01750,3,data/raw_digits/3/sklearn_01750_3.png,sklearn.load_digits,Real handwritten digit dataset bundled with scikit-learn
sklearn_01751,2,data/raw_digits/2/sklearn_01751_2.png,sklearn.load_digits,Real handwritten digit dataset bundled with scikit-learn
sklearn_01752,1,data/raw_digits/1/sklearn_01752_1.png,sklearn.load_digits,Real handwritten digit dataset bundled with scikit-learn
sklearn_01753,7,data/raw_digits/7/sklearn_01753_7.png,sklearn.load_digits,Real handwritten digit dataset bundled with scikit-learn
sklearn_01754,4,data/raw_digits/4/sklearn_01754_4.png,sklearn.load_digits,Real handwritten digit dataset bundled with scikit-learn
sklearn_01755,6,data/raw_digits/6/sklearn_01755_6.png,sklearn.load_digits,Real handwritten digit dataset bundled with scikit-learn
sklearn_01756,3,data/raw_digits/3/sklearn_01756_3.png,sklearn.load_digits,Real handwritten digit dataset bundled with scikit-learn
sklearn_01757,1,data/raw_digits/1/sklearn_01757_1.png,sklearn.load_digits,Real handwritten digit dataset bundled with scikit-learn
sklearn_01758,3,data/raw_digits/3/sklearn_01758_3.png,sklearn.load_digits,Real handwritten digit dataset bundled with scikit-learn
sklearn_01759,9,data/raw_digits/9/sklearn_01759_9.png,sklearn.load_digits,Real handwritten digit dataset bundled with scikit-learn
sklearn_01760,1,data/raw_digits/1/sklearn_01760_1.png,sklearn.load_digits,Real handwritten digit dataset bundled with scikit-learn
sklearn_01761,7,data/raw_digits/7/sklearn_01761_7.png,sklearn.load_digits,Real handwritten digit dataset bundled with scikit-learn
sklearn_01762,6,data/raw_digits/6/sklearn_01762_6.png,sklearn.load_digits,Real handwritten digit dataset bundled with scikit-learn
sklearn_01763,8,data/raw_digits/8/sklearn_01763_8.png,sklearn.load_digits,Real handwritten digit dataset bundled with scikit-learn
sklearn_01764,4,data/raw_digits/4/sklearn_01764_4.png,sklearn.load_digits,Real handwritten digit dataset bundled with scikit-learn
sklearn_01765,3,data/raw_digits/3/sklearn_01765_3.png,sklearn.load_digits,Real handwritten digit dataset bundled with scikit-learn
sklearn_01766,1,data/raw_digits/1/sklearn_01766_1.png,sklearn.load_digits,Real handwritten digit dataset bundled with scikit-learn
sklearn_01767,4,data/raw_digits/4/sklearn_01767_4.png,sklearn.load_digits,Real handwritten digit dataset bundled with scikit-learn
sklearn_01768,0,data/raw_digits/0/sklearn_01768_0.png,sklearn.load_digits,Real handwritten digit dataset bundled with scikit-learn
sklearn_01769,5,data/raw_digits/5/sklearn_01769_5.png,sklearn.load_digits,Real handwritten digit dataset bundled with scikit-learn
sklearn_01770,3,data/raw_digits/3/sklearn_01770_3.png,sklearn.load_digits,Real handwritten digit dataset bundled with scikit-learn
sklearn_01771,6,data/raw_digits/6/sklearn_01771_6.png,sklearn.load_digits,Real handwritten digit dataset bundled with scikit-learn
sklearn_01772,9,data/raw_digits/9/sklearn_01772_9.png,sklearn.load_digits,Real handwritten digit dataset bundled with scikit-learn
sklearn_01773,6,data/raw_digits/6/sklearn_01773_6.png,sklearn.load_digits,Real handwritten digit dataset bundled with scikit-learn
sklearn_01774,1,data/raw_digits/1/sklearn_01774_1.png,sklearn.load_digits,Real handwritten digit dataset bundled with scikit-learn
sklearn_01775,7,data/raw_digits/7/sklearn_01775_7.png,sklearn.load_digits,Real handwritten digit dataset bundled with scikit-learn
sklearn_01776,5,data/raw_digits/5/sklearn_01776_5.png,sklearn.load_digits,Real handwritten digit dataset bundled with scikit-learn
sklearn_01777,4,data/raw_digits/4/sklearn_01777_4.png,sklearn.load_digits,Real handwritten digit dataset bundled with scikit-learn
sklearn_01778,4,data/raw_digits/4/sklearn_01778_4.png,sklearn.load_digits,Real handwritten digit dataset bundled with scikit-learn
sklearn_01779,7,data/raw_digits/7/sklearn_01779_7.png,sklearn.load_digits,Real handwritten digit dataset bundled with scikit-learn
sklearn_01780,2,data/raw_digits/2/sklearn_01780_2.png,sklearn.load_digits,Real handwritten digit dataset bundled with scikit-learn
sklearn_01781,8,data/raw_digits/8/sklearn_01781_8.png,sklearn.load_digits,Real handwritten digit dataset bundled with scikit-learn
sklearn_01782,2,data/raw_digits/2/sklearn_01782_2.png,sklearn.load_digits,Real handwritten digit dataset bundled with scikit-learn
sklearn_01783,2,data/raw_digits/2/sklearn_01783_2.png,sklearn.load_digits,Real handwritten digit dataset bundled with scikit-learn
sklearn_01784,5,data/raw_digits/5/sklearn_01784_5.png,sklearn.load_digits,Real handwritten digit dataset bundled with scikit-learn
sklearn_01785,7,data/raw_digits/7/sklearn_01785_7.png,sklearn.load_digits,Real handwritten digit dataset bundled with scikit-learn
sklearn_01786,9,data/raw_digits/9/sklearn_01786_9.png,sklearn.load_digits,Real handwritten digit dataset bundled with scikit-learn
sklearn_01787,5,data/raw_digits/5/sklearn_01787_5.png,sklearn.load_digits,Real handwritten digit dataset bundled with scikit-learn
sklearn_01788,4,data/raw_digits/4/sklearn_01788_4.png,sklearn.load_digits,Real handwritten digit dataset bundled with scikit-learn
sklearn_01789,8,data/raw_digits/8/sklearn_01789_8.png,sklearn.load_digits,Real handwritten digit dataset bundled with scikit-learn
sklearn_01790,8,data/raw_digits/8/sklearn_01790_8.png,sklearn.load_digits,Real handwritten digit dataset bundled with scikit-learn
sklearn_01791,4,data/raw_digits/4/sklearn_01791_4.png,sklearn.load_digits,Real handwritten digit dataset bundled with scikit-learn
sklearn_01792,9,data/raw_digits/9/sklearn_01792_9.png,sklearn.load_digits,Real handwritten digit dataset bundled with scikit-learn
sklearn_01793,0,data/raw_digits/0/sklearn_01793_0.png,sklearn.load_digits,Real handwritten digit dataset bundled with scikit-learn
sklearn_01794,8,data/raw_digits/8/sklearn_01794_8.png,sklearn.load_digits,Real handwritten digit dataset bundled with scikit-learn
sklearn_01795,9,data/raw_digits/9/sklearn_01795_9.png,sklearn.load_digits,Real handwritten digit dataset bundled with scikit-learn
sklearn_01796,8,data/raw_digits/8/sklearn_01796_8.png,sklearn.load_digits,Real handwritten digit dataset bundled with scikit-learn
